:020000040800F2
:10000000FF4F0020B5670008FD670008FD67000886
:10001000FD670008FD670008FD670008000000009C
:10002000000000000000000000000000FD67000864
:10003000FD67000800000000FD670008FD6700087C
:10004000FD670008FD670008FD670008FD67000800
:10005000FD670008FD670008FD670008FD670008F0
:10006000FD670008FD670008FD670008FD670008E0
:10007000FD670008FD670008FD670008FD670008D0
:10008000FD670008FD670008FD670008FD670008C0
:10009000FD670008FD670008FD670008493B000890
:1000A000FD670008F1070008FD670008FD6700080C
:1000B00031320008FD670008FD670008FD67000891
:1000C000FD670008FD670008FD670008FD67000880
:1000D000FD670008FD670008FD6700087133000830
:1000E000DD3B0008FD670008FD6700080000000018
:1000F0000000000000000000000000000000000000
:0C01000000000000000000005FF808F1A3
:1001100080B400AF00BFBD4680BC704780B500AF63
:10012000092000F08BFA482000F0DEFA022000F0EF
:100130005FFA012000F05CFA4FF47A7000F028FBBF
:100140004FF47A7000F024FB02F022FF03F0D6FC9B
:1001500004F0BAFE4FF4FA31482000F055F80021BF
:1001600041F61F4005F0B6F802F0E8FF04F050FF3A
:1001700041F61F41312004F041F801F065FB044BCA
:1001800001221A7000BF024B1B78002BFBD1F4E751
:10019000BD00002080B483B000AF786000BF184677
:1001A0000C37BD4680BC704780B483B000AF786028
:1001B000396000BF074B1B6803F04003002BF9D0E8
:1001C0007B68DAB2034B5A607B6818460C37BD4631
:1001D00080BC70470038014080B483B000AF034654
:1001E000FB71084AFB79536000BF064B1B6803F0A4
:1001F0004003002BF9D000BF00BF0C37BD4680BCC8
:10020000704700BF0038014090B585B000AF7860FE
:1002100039607B68334A02FB03F3184606F066F840
:1002200004463B681B01184606F060F80346194671
:10023000204606F067F90346FB60F86806F09AFA74
:1002400003467B817B89184606F054F8034619461D
:10025000F86805F099FF03464FF08341184606F011
:100260009DF80346184606F085FA03463B817B89D4
:100270001B017B817A893B8913447B811A4B9B69E3
:10028000194A43F004039361174B9B69164A43F4E0
:1002900080439361154B5B68144A23F47F6353607A
:1002A000124B5B68114A43F40B6353600E4BDB68DF
:1002B0000D4A43F48043D3600B4BDB680A4A23F4B6
:1002C0008043D3600A4A7B899360094BDB68084A04
:1002D00043F4005343F00C03D36000BF1437BD4612
:1002E00090BD00BF40420F000010024000080140D6
:1002F0000038014080B483B000AF786039603B685B
:1003000023F0604323F07F0304497A6813438B6032
:1003100000BF0C37BD4680BC704700BF00ED00E059
:1003200080B485B000AF0346FB71FB79DB4303F07B
:100330000703FB60FB681B02FB600D4BDB68BB60C7
:10034000BA684FF6FF031340BB60BB6843F0BF635E
:1003500043F40033BB60BA68FB681343BB60044AD4
:10036000BB68D36000BF1437BD4680BC704700BF78
:1003700000ED00E090B585B000AF04460846114698
:100380001A462346FB710346BB710B467B7113462D
:100390003B713B791846FFF7C3FFFA793B79C3F10C
:1003A000040302FA03F3FB60BA793B790F2141FAA7
:1003B00003F313401A46FB681343FB60FB6803F02A
:1003C0000F03FB60134A7B795B09D8B2034652F8EE
:1003D00023307A7902F01F02012101FA02F2144659
:1003E0000C4A0146234342F821300A4A7B791344E0
:1003F00093F80033D9B2FB68DBB21B01DAB20548CF
:100400007B790A43D2B2034483F8002300BF143738
:10041000BD4690BD00E100E080B485B000AF03466A
:10042000FB710B46BB7113467B71BB799B08FB7359
:10043000BB7903F00303DBB29B00BB73294B9B69C1
:10044000284A43F001039361274AFB7B023352F8A9
:100450002320BB7B0F2101FA03F3DB43184622491B
:10046000FB7B0240023341F823201F4AFB7B02330F
:1004700052F82320F979BB7B01FA03F318461A4995
:10048000FB7B0243023341F82320184B1B68BA79E7
:10049000012101FA02F21146144A0B4313607B79E1
:1004A00003F00103002B09D0104BDB68BA7901215E
:1004B00001FA02F211460D4A0B43D3607B7903F037
:1004C0000203002B09D0094B9B68BA79012101FA7C
:1004D00002F21146054A0B43936000BF1437BD4634
:1004E00080BC704700100240000001400004014041
:1004F00080B500AF1C4B00221A611B4B0022DA6052
:10050000194B14225A61184B00229A61164B002293
:10051000DA61154B1B68144A43F001031360124B58
:100520005A681149114B13404B600F4B1B680E4A20
:1005300023F0847323F4803313600B4B1B680A4A47
:1005400023F480231360084B5B68074A23F4FE03FF
:100550005360054B00229A6000214FF00060FFF7C6
:10056000C9FE00BF80BD00BF001002400000FFF8C0
:1005700030BF00BF72B600BF62B600BF80F308880C
:10058000704700BF80B500AF0F4B1B690E4A43F0A8
:10059000040313610D4BDB690C4A43F08053D361B4
:1005A0000B4B5B680A4A43F480735360084B1B682B
:1005B000074A43F004031360054B1B68044A43F0E9
:1005C00002031360FFF7D4FF00ED00E000100240CB
:1005D0000070004080B400AF034B044ADA6000BFF3
:1005E000BD4680BC704700BF00ED00E00400FA0586
:1005F00080B485B000AF0346FB71FB79FB60FB68FC
:100600005B06FB600B4B9B690A4A43F00103936155
:10061000094B5B68084A23F0E0635360064B5A6855
:100620000549FB6813434B6000BF1437BD4680BCCF
:10063000704700BF001002400000014080B584B048
:1006400000AF0346FB710023FB73FFF751FF244B00
:100650001B68234A43F48033136000BF204B1B68A0
:100660005B0C002BFAD01E4B4FF480625A60FB7972
:10067000023BFB711A4B5A68FB799B0418491343E0
:100680004B60174B5B68164A43F480335360154B3D
:100690001B68144A43F032031360114B1B68104A65
:1006A00043F08073136000BF0D4B1B685B0E002B83
:1006B000FAD00B4B5B680A4A43F00203536007E031
:1006C000074B5B689B08FB73FB7B03F00303FB7327
:1006D000FB7B022BF4D100BF00BF1037BD4680BDAD
:1006E000001002400020024080B483B000AF0346F7
:1006F000FB710D4B1B680C4A23F004031360FB795C
:10070000DB08DAB2094B1A70084B1B781A46520103
:10071000D21A92001344DB009AB2054B1A8000BF34
:100720000C37BD4680BC704710E000E03801002067
:100730003A01002080B485B000AF7860124B1B787E
:100740001946124A7B6801FB03F353600F4B0022EA
:100750009A600E4B01221A600C4B1B68FB60FB6811
:1007600003F00103002B04D0FB6803F48033002B5B
:10077000F2D0064B00221A60044B00229A6000BFA0
:100780001437BD4680BC70473801002010E000E0FF
:1007900080B485B000AF0346FB80FB88124A128804
:1007A0001146124A01FB03F35360104B00229A607A
:1007B0000E4B01221A600D4B1B68FB60FB6803F0B7
:1007C0000103002B04D0FB6803F48033002BF2D02C
:1007D000064B00221A60054B00229A6000BF1437B6
:1007E000BD4680BC704700BF3A01002010E000E029
:1007F00098B500AF814B1B6903F00103002B00F09B
:10080000EC807E4B1B697D4A23F0010313617C4B16
:100810001B78012B0FD17B4B1B780133DAB2794B5C
:100820001A70784B1B780A2B05D1764B00221A7070
:10083000734B00221A70042002F0CEFC0346724A69
:1008400013600A21032004F0FDFC0346184605F05E
:100850004DFD03466D4A136000F0AAFE6C4B1B78F9
:10086000012B65D16B4B1B78002B61D100F003FB92
:10087000694B1B78012B01D100F0DCFB00F0ECF997
:10088000664B1B78002B11D15F4B1B6842F2AB62A9
:10089000934205DC5C4B1B6841F20C72934205DC11
:1008A000002000F0B5F95B4B01221A705C4B1B78FD
:1008B000012B38D1554B1B68012214465949184663
:1008C00005F028FF0346002B01D100231C46E3B2AC
:1008D00083F00103DBB2002B1ED14C4B1B680122BD
:1008E00014465149184605F0F7FE0346002B01D186
:1008F00000231C46E3B283F00103DBB2002B0BD1D3
:10090000414B1B6842F2AB62934205DC3E4B1B68D5
:1009100041F20C72934206DC002000F079F93D4B65
:1009200001221A7004E0414B1B68184600F070F970
:10093000374B1B78002B49D13D4B1B68184600F004
:1009400031FA3C4B1B78002B11D12F4B1B683A4AD4
:1009500013603A4B4FF000021A60394B4FF000021F
:100960001A60384B00221A70324B01221A70294B40
:100970001B78002B2AD1254B1B68184600F068F81D
:100980000346314A13602F4B1B780133DAB22D4BEB
:100990001A702C4B1B78042B0AD91B4B1B6818466A
:1009A00000F0A6F80346294A1360264B00221A706D
:1009B000254B1A68254B1B68D31A1C4A136000F09C
:1009C0004BF91A4B1B68184600F022F9114B1B78A3
:1009D000012B02D1002000F01BF90E4B1B78002BDD
:1009E00002D1642002F0F6FA04F0E8FB0346104A54
:1009F000136000F051F90023184698BD002C014007
:100A0000BD000020BC000020C0000020CC00002061
:100A10006C010020000000206D0100202D0000204E
:100A20007C01002000401C4500406745C4000020B8
:100A3000C80000202C000020040000205C010020E1
:100A40004C010020440100203C0100204001002016
:100A500090B583B000AF78601E49786805F094FBCC
:100A600003461A461C4B1A601B4B1B681B4A126834
:100A70001146184605F088FB03461A46184B1A60C3
:100A8000184B1B6883F00043134A1268114618463E
:100A900005F084FC03461C46114B1B68124A126881
:100AA0001146184605F07AFC03461946204605F023
:100AB0006BFB0346184605F037FE03460B4A1360EE
:100AC000054B1B68054A1360084B1B6818460C371A
:100AD000BD4690BD00C04145480100204C010020AA
:100AE00050010020080000200C00002054010020CC
:100AF000B0B582B000AF78603D4B1B687A68D31AFE
:100B0000184605F0F7FB03463A4A13603A4B1B6858
:100B1000184605F053F832A3D3E9002305F0A6F8F0
:100B200002460B461046194605F0DAFA0346324AE9
:100B30001360314B1B68184605F040F804460D461B
:100B40002C4B1B68184605F039F827A3D3E900237E
:100B500005F08CF802460B462046294604F0D0FEEC
:100B600002460B461046194605F0BAFA0346224AD9
:100B70001360214B1B68214A12681146184605F084
:100B800003FB03461A461E4B1A601B4B1B681B4A8D
:100B90001360194B1B681B4A12681146184605F072
:100BA000FDFB03461C46164B1B68174A126811468C
:100BB000184605F0F3FB03461946204605F0E6FA11
:100BC00003461A46114B1A60104B1B68184605F075
:100BD000ABFD034618460837BD46B0BDAFF30080F5
:100BE0009A9999999999E93F9A9999999999C93FA7
:100BF0000400002068010020600100205C0100204A
:100C00006401002010000020140000205801002082
:100C100080B582B000AF78607B68002B06DA0B4BA2
:100C200001221A600A4B00221A6005E0074B0022DD
:100C30001A60074B01221A60786800F009F9024631
:100C4000044B1A6400BF0837BD4680BDB081214205
:100C5000B48121420004004080B483B000AF41F66B
:100C6000F4237B607B685A420A4B1B689A4203DD7F
:100C70007B685B42074A1360064B1B687A689A429E
:100C800002DA044A7B68136000BF0C37BD4680BCA3
:100C9000704700BFC400002080B582B000AF4FF4A1
:100CA00082637B60642003F027FC03461A46364BC0
:100CB0001A60354B1B68012B02D1344B01221A609C
:100CC000314B1B68022B02D1304B02221A602F4B92
:100CD0001B68012B14D12E4B1B6804332C4A136064
:100CE0002C4B1B6804332B4A13602A4B1B687A6811
:100CF0009A4205D1254B00221A60264B00221A6029
:100D0000224B1B68022B14D1214B1B68043B204A49
:100D10001360204B1B6804331E4A13601D4B1B6875
:100D20007A689A4205D1194B00221A60194B0022A9
:100D30001A6003F0CFFC0346012B0DD1144B42F295
:100D400010721A60144B1B78002B0CBF0123002378
:100D5000DBB21A46104B1A70104B1B78012B0ED1C8
:100D60000D4B1B78012B03D10D4B00221A6006E0BE
:100D7000094B1B78002B02D1094B01221A6000BFDE
:100D80000837BD4680BD00BF9001002094010020BF
:100D900004000020980100206C01002000000020C9
:100DA0009001214290B585B000AF7860224B1B784E
:100DB000012B0BD1204B01221A700123FB731F4B17
:100DC00000221A601E4B00221A6001E00023FB7310
:100DD0001C4B1B68012214461B49184605F09AFC5F
:100DE0000346002B01D100231C46E3B283F001032C
:100DF000DBB2002B16D1134B1B680122144613499A
:100E0000184605F069FC0346002B01D100231C465F
:100E1000E3B283F00103DBB2002B03D17B68B3F5AF
:100E20002F7F04DA044B01221A700123FB73FB7B32
:100E300018461437BD4690BD00000020B481214201
:100E4000B0812142CC000020008022450000614595
:100E500080B485B000AF78607B68002B03DA7B68D4
:100E60005B42FB6001E07B68FB60FB68184614375F
:100E7000BD4680BC704780B500AF5F4B1B78002B30
:100E800040F09A805D4B41F6F5621A605C4B1B683E
:100E90005C49184605F07AF903461846FFF7D8FD75
:100EA0000346002B00DA0733DB101A46564B1A6054
:100EB000564B1B68184600F079FC0346544A1360F1
:100EC000524B1B6841F60D7293420ADC4F4B1B6874
:100ED00041F6F561184600F015FB03464D4A1360D4
:100EE00006E04B4B1A68484B1B68D31A494A1360FB
:100EF000434B1B684849184605F0EEFB0346002BA0
:100F00001FD03F4B1B684549184605F003FC0346BC
:100F1000002B16D03D4B1B6841F6C362934210DD97
:100F20003A4B1B6841F6267293420ADC3C4B1B6825
:100F30004FF07E51184605F029F903461A46384B02
:100F40001A602F4B1B683449184605F0C5FB034651
:100F5000002B1BD02A4B1B683049184605F0DAFBE2
:100F60000346002B12D02E4B1B68184604F026FEB9
:100F70001FA3D3E9002304F0C3FC02460B4610462E
:100F8000194605F0ADF80346254A1360244B1B684B
:100F90002449184605F0BEFB0346002B0CD0164B27
:100FA00001221A70204B00221A701A4B00221A607C
:100FB0001E4B41F659421A60164B1B6840F6C4128C
:100FC000934203DD134B40F6C4121A60114B1B68A9
:100FD000174A934202DA0F4B154A1A600D4B1B68F1
:100FE0001846FFF715FE00BF80BD00BFAFF30080BD
:100FF0009A9999999999B93F6D01002004000020B0
:10100000CC000020006001453C010020C000002011
:1010100040010020C40000200000A544000034442A
:101020009C010020000048432D000020700100209A
:101030003CF6FFFF80B500AF844B1B78002B40F0DF
:101040003F81834B1B688349184605F063FB0346C9
:10105000002B23D07E4B1B687F49184605F03CFBD4
:101060000346002B1AD07D4B1B684FF00001184639
:1010700005F03CFB0346002B03D0794B01221A708C
:101080000CE0764B1B684FF00001184605F042FB60
:101090000346002B02D0734B01221A70714B1B7850
:1010A000012B21D16A4B1B686F49184605F032FBB2
:1010B0000346002B3DD0664B1B686C49184605F073
:1010C0000BFB0346002B34D0664B00221A70684B92
:1010D00042F215221A60674B1B78012B29D9644B09
:1010E00041F695721A6024E05D4B1B78012B20D1EC
:1010F000574B1B685C49184605F00CFB0346002B58
:1011000017D0534B1B685949184605F0E5FA0346BA
:10111000002B0ED0524B00221A70554B41F6135241
:101120001A60544B1B78012B03D9514B41F6556281
:101130001A60514B1B684E4A12681146184600F05F
:10114000A7FA03464D4A1360414B1B684C491846A9
:1011500005F0C2FA0346002B0ED03D4B1B684949EF
:10116000184605F0D7FA0346002B05D0414B1B78F3
:101170000133DAB23F4B1A70354B1B6842491846AF
:1011800005F0AAFA0346002B32D0314B1B683F49C9
:10119000184605F0BFFA0346002B29D0364B1B68D2
:1011A00041F69C02934223DD334B1B6842F25342CB
:1011B00093421DDC294B1B683549184605F0AAFAF5
:1011C0000346002B14D0254B1B683249184605F006
:1011D00083FA0346002B0BD0264B1B780133DAB27F
:1011E000244B1A702C4B1B6801332B4A136002E00E
:1011F000294B00221A60284B1B68032B12DD134B6E
:1012000001221A70254B01221A70254B254A1A60BB
:10121000254B264A1A60264B4FF082421A60254B16
:10122000254A1A60154B1B6841F20402934203DD04
:10123000124B41F204021A60104B1B681F4A934282
:1012400080F235810D4B1D4A1A6030E12D000020DF
:10125000CC0000200000614400808E447401002016
:101260008D0100208C0100200080724400C0854464
:1012700070010020A0010020C0000020C400002058
:1012800000D0594500B029450040494500403A4545
:101290000000F0C10000F041780100207C01002036
:1012A00008000020000052430C00002000001643FC
:1012B00010000020140000200000024314ECFFFF87
:1012C0007C4B1B78012B40F0F2807B4B1B68002B82
:1012D00003D17A4B1B687A4A13607A4B1B68184615
:1012E000FFF7B6FB0346784A1360784B1B7801334F
:1012F000DAB2764B1A70754B1B78042B0AD96F4BF8
:101300001B681846FFF7F4FB0346714A13606F4BE6
:1013100000221A70684B1B680133674A1360664BE2
:101320001B68642B1BDD644B1B68B3F5FA6F16DA80
:10133000634B1B6841F6A472934205DD604B1B684A
:10134000013B5F4A13600AE05D4B1B6841F6A372E4
:10135000934204DC5A4B1B680133594A1360564BC5
:101360001B68B3F5FA6F03DD534B40F2D1721A607C
:10137000584B1B78002B40F09380574B1B88013350
:101380009AB2554B1A80544B1B88544AA2FB031245
:101390005209642101FB02F29B1A9BB2002B28D157
:1013A0004F4B1B684F49184604F0F0FE03461A469F
:1013B0004B4B1A604C4B1B684A49184604F0E6FE3A
:1013C00003461A46484B1A60484B1B684FF07C5145
:1013D000184604F0DBFE03461A46444B1A60444BA1
:1013E0001B684049184604F0D1FE03461A46404B9C
:1013F0001A603B4B1B683F49184605F08BF90346C2
:10140000002B02D0364B3B4A1A60374B1B683949D8
:10141000184605F07FF90346002B02D0324B354ABF
:101420001A60324B1B683449184605F073F90346BD
:10143000002B02D02D4B304A1A602D4B1B682F49D0
:10144000184605F067F90346002B02D0284B2B4ABB
:101450001A60234B1B682749184605F033F90346E9
:10146000002B1DD0204B1B682249184605F02AF995
:101470000346002B14D01D4B1B681F49184605F06E
:1014800021F90346002B0BD0194B1B681B4918464A
:1014900005F018F90346002B02D00E4B01221A70FA
:1014A000094B1A680A4B1B68D31A154A136000BF10
:1014B00080BD00BF7C01002080010020C000002012
:1014C00004000020CC0000203C010020440100204A
:1014D00040010020A1010020A20100201F85EB5146
:1014E00008000020000020410C0000201000002017
:1014F000140000200000C8430000A04100009643F3
:10150000C400002090B583B000AF786039607A687D
:101510003B68D31A184604F0EDFE03461F4A1360D9
:101520001E4B1B681E4A12681146184604F02CFE1A
:1015300003461C49184604F031FF03461A49184671
:1015400004F0E0FF03461C46144B1B68154918467F
:1015500004F024FF03461449184604F0D3FF034661
:101560001946204604F012FE03461A460F4B1B682C
:101570001946104604F00AFE03461A460B4B1A6041
:10158000064B1B68064A1360084B1B68184605F09B
:10159000CBF8034618460C37BD4690BDA401002089
:1015A000A8010020000020410000A041AC01002063
:1015B00080B500AF144B1B680133134A1360124B04
:1015C0001B68052B1DDD114B1B68114A1268114663
:1015D000184604F0D9FD0346184605F0A5F8034661
:1015E000184600F019F80346184604F083FE034637
:1015F000084A1360054B1B68054A1360024B002222
:101600001A6000BF80BD00BF84010020CC00002014
:10161000880100207401002080B487B000AF78609A
:1016200000233B610123FB750BE0FA7DFB7D013B51
:10163000164931F91210154A22F81310FB7D0133B7
:10164000FB75FB7D032BF0D97B681AB20F4BDA8058
:101650000023FB750AE0FB7D0C4A32F913301A4671
:101660003B6913443B61FB7D0133FB75FB7D032B21
:10167000F1D93B69002B00DA03339B10FB81B7F9EA
:101680000E3018461C37BD4680BC7047B0010020A4
:10169000B0B582B000AF786039607A683B68D31A21
:1016A000184604F027FE0346394A1360394B1B687D
:1016B000184604F083FA32A3D3E9002304F0D6FAE3
:1016C00002460B461046194604F00AFD0346314A0D
:1016D0001360304B1B68184604F070FA04460D4640
:1016E0002B4B1B68184604F069FA27A3D3E90023A3
:1016F00004F0BCFA02460B462046294604F000F9E5
:1017000002460B461046194604F0EAFC0346214AFD
:101710001360204B1B68204A12681146184604F0DB
:1017200033FD03461A461D4B1A601A4B1B681A4AB2
:101730001360184B1B681A4A12681146184604F0C9
:101740002DFE03461C46154B1B68164A12681146AF
:10175000184604F023FE03461946204604F016FD01
:1017600003461A46104B1A600F4B1B68184604F0CC
:10177000DBFF034618460837BD46B0BDAFF3008017
:101780009A9999999999E93F9A9999999999C93FFB
:1017900068010020600100205C010020640100203D
:1017A00010000020140000205801002090B583B0E4
:1017B00000AF78601D4B1B687A68D31A184604F096
:1017C00099FD03461A4A1360194B1B68194A12689F
:1017D0001146184604F0D8FC03461A46164B1A6008
:1017E000134B1B68134A1360114B1B6813491846AF
:1017F00004F0D4FD03461C460F4B1B6810491846E5
:1018000004F0CCFD03461946204604F0BFFC034615
:101810001A460C4B1A600B4B1B68184604F084FFE9
:10182000034618460C37BD4690BD00BF040000209B
:10183000B8010020BC010020C00100200000C84108
:1018400000001644C401002080B584B002AFA74B4D
:101850001B78012B23D1A54B00221A70A44B1B68C7
:10186000A34A43F020031360A14B1B68A04A43F036
:10187000800313609E4B1B689D4A43F40063136012
:101880009B4B1B689A4A43F480531360994BDB6867
:10189000984A43F00103D36003F0B4F801E000F08C
:1018A0003BF902F0E5FE0346FB71FB79012B02D107
:1018B000914B01221A70904B1B78012B40F0128142
:1018C0008D4B00221A7003F09DF8884B01221A708C
:1018D0008A4B00221A64864B1B68854A23F020033A
:1018E0001360834B1B68824A23F080031360804B94
:1018F0001B687F4A23F4006313607D4B1B687C4A9E
:1019000023F4805313607B4BDB687A4A03F0FE03B9
:10191000D36002F073FE0346FB7100F0CDFB1E2086
:10192000FEF736FFFB79052B40F0D78003F06AF80D
:101930001E20FEF72DFF02F061FE0346FB7100F052
:101940007BFCFB790B2B40F0C18003F05BF800F0CF
:1019500057FD1E20FEF71CFF02F050FE0346FB71F0
:10196000FB790B2B40F0AB8003F04CF800F026FE27
:101970001E20FEF70DFF02F041FE0346FB71FB79CE
:101980000B2B40F0958003F03DF80F21032003F06E
:1019900059FC0346184604F0A9FC0346584A136054
:1019A00000F0FCFE3220FEF7F3FE02F027FE0346B5
:1019B000FB71FB790C2B02D103F024F8D6E7FB79FD
:1019C000052BE2D103F01EF84E4B00221A700A23B9
:1019D000FB710F21032003F035FC0346184604F089
:1019E00085FC0346464A1360FA79102300930223CC
:1019F0001021582003F011F900F066FF424B1B78CC
:101A00000133DAB2404B1A701E20FEF7C1FE3E4B86
:101A10001B78C82B3AD83A4B1B683C49184604F04F
:101A20006FFE0346002B1FD0354B1B683849184604
:101A300004F05CFE0346002B16D0324B1B780133BA
:101A4000DAB2304B1A702F4B1B78962B0CD902F060
:101A5000D9FF2D4B00221A7000F0F0FF02F0CEFDEE
:101A60000346052BF5D1F2E6274B1A78294BA3FB49
:101A7000021319090B469B000B449B00D31ADBB2DF
:101A8000012BA6D1FB79013BFB71A2E71E4B002283
:101A90001A7002F0B7FF01F02BF840F6B830FEF7ED
:101AA00077FE4FF4FA60FEF773FE02F0ABFF6CE7CF
:101AB000FB790C2B7FF45AAF02F0A4FF47E7FB79C8
:101AC0000C2B7FF444AF02F09DFF31E7FB790C2B28
:101AD0007FF42EAF02F096FF1BE7FB790C2B7FF40F
:101AE00018AFB4E600BF0837BD4680BDBF00002078
:101AF00000040140002C0140BE0000200004004012
:101B0000CC000020C8010020C901002000807C44D6
:101B100000C08044CDCCCCCC80B582B002AFB94AF5
:101B20000021002003F0E6F8B74B1B68184604F0CC
:101B300021FE02460C23009303230021282003F0FA
:101B40006CF8B24A0021392003F0D4F8AE4B1B6880
:101B5000AF49184604F022FC0346184604F0E4FDA1
:101B60000246AC4B83FB02139910D317C91A0B46DC
:101B70009B000B445B00D11A0A460C2300930123FF
:101B800000213D2003F049F8A34A00215F2003F023
:101B9000B1F8A24B1B68184604F0ECFD02460C237A
:101BA0000093022300216C2003F037F89C4A0A219D
:101BB000002003F09FF89B4B1B68184604F0DAFDE9
:101BC00002460C23009303230A21282003F025F862
:101BD0008E4A0A21392003F08DF8924B1B688C49FC
:101BE000184604F0DBFB0346184604F09DFD024650
:101BF000884B83FB02139910D317C91A0B469B001D
:101C00000B445B00D11A0A460C23009301230A21DE
:101C10003D2003F002F8804A0A215F2003F06AF8B1
:101C2000814B1B68184604F0A5FD02460C23009367
:101C300002230A216C2002F0F0FF7C4A14210020CC
:101C400003F058F87A4B1B68184604F093FD0246DF
:101C50000C23009303231421282002F0DEFF6B4A9B
:101C60001421392003F046F8714B1B686849184667
:101C700004F094FB0346184604F056FD0246654BFB
:101C800083FB02139910D317C91A0B469B000B4410
:101C90005B00D11A0A460C230093012314213D2036
:101CA00002F0BBFF5C4A14215F2003F023F8614B74
:101CB0001B68184604F05EFD02460C2300930223C5
:101CC00014216C2002F0A9FF5B4A1E21002003F0C2
:101CD00011F85A4B1B68184604F04CFD02460C23C1
:101CE000009303231E21282002F097FF474A1E215C
:101CF000392002F0FFFF514B1B684549184604F09C
:101D00004DFB0346184604F00FFD0246414B83FB92
:101D100002139910D317C91A0B469B000B445B00A2
:101D2000D11A0A460C23009301231E213D2002F004
:101D300074FF394A1E215F2002F0DCFF404B1B6814
:101D4000184604F017FD02460C23009302231E21BF
:101D50006C2002F062FF3B4B1B684FF07E5118462F
:101D600004F0B0FC0346002B20D0012300930C2389
:101D7000592200214B2002F0C3FE012300930C23C3
:101D80004E220A214B2002F0BBFE012300930C23BC
:101D90004E2214214B2002F0B3FE012300930C23AA
:101DA0004E221E214B2002F0ABFEA1E0254B1B680A
:101DB0004FF08041184604F085FC0346002B43D0C9
:101DC000012300930C234E2200214B2002F098FEA9
:101DD000012300930C2359220A214B2002F090FE8C
:101DE000012300930C234E2214214B2002F088FE85
:101DF000012300930C234E221E214B2002F080FE73
:101E000076E000BF147C0008080000201C7C00085D
:101E10000000204167666666207C00081C000020E8
:101E2000247C00080C000020200000202C7C0008EE
:101E30001000002024000020347C00081400002042
:101E40002800002018000020684B1B6868491846CD
:101E500004F038FC0346002B20D0012300930C2310
:101E60004E2200214B2002F04BFE012300930C2355
:101E70004E220A214B2002F043FE012300930C2343
:101E8000592214214B2002F03BFE012300930C2326
:101E90004E221E214B2002F033FE29E0534B1B68DB
:101EA0004FF08141184604F00DFC0346002B1FD073
:101EB000012300930C234E2200214B2002F020FE30
:101EC000012300930C234E220A214B2002F018FE1E
:101ED000012300930C234E2214214B2002F010FE0C
:101EE000012300930C2359221E214B2002F008FEEF
:101EF000404A2821502002F0FDFE3F4B1B681A4645
:101F00000C230093052328215F2002F086FE3B4A24
:101F10002821002002F0EEFE394A2821292002F073
:101F2000E9FE384A28213F2002F0E4FE364B1B68C8
:101F3000364A82FB03125211DB17D31A1A460C23BE
:101F40000093022328211C2002F067FE2E4B1B6801
:101F50002E4A82FB03125111DA178A1A642101FBFF
:101F600002F29A1A0C23009302232821332002F054
:101F700054FE254B1A68254B83FB02135911D317C6
:101F8000CB1A642101FB03F3D31A092B07DC0C23C2
:101F900000930223002228212D2002F03EFE1C4A3D
:101FA0003221502002F0A6FE1A4B1B681A460C2361
:101FB0000093052332215F2002F02FFE164A3221C2
:101FC000002002F097FE154B1B68184604F0D2FB68
:101FD00002460C230093042332211E2002F01DFE32
:101FE00002F07AFC00BFBD4680BD00BF1800002093
:101FF000000040403C7C000804000020407C0008B9
:102000001C7C0008487C0008C80000201F85EB519C
:102010004C7C0008C0000020507C0008CC00002050
:1020200080B500AF1E4B1B680121184602F043F932
:102030001C4B1B68184604F05DF903460221184644
:1020400002F039F903214FF0000002F034F90320C7
:1020500002F0A4F903461A46134B1A70134B0022E0
:102060001A7013E000BF124B1B6803F04003002BF3
:10207000F9D00E4B1B781A460E4B9A5C0C4B5A60EB
:102080000A4B1B780133DAB2084B1A70074B1A78E7
:10209000054B1B789A42E5D300BF00BF80BD00BF4F
:1020A000CC000020C0000020CE010020CC01002088
:1020B000003801402402002080B500AF0123002237
:1020C00000211C2002F0A2FE0123012200212A206F
:1020D00002F09CFE012302220021382002F096FE2D
:1020E000012303220021462002F090FE0123042256
:1020F0000021542002F08AFE0123052200216220E3
:1021000002F084FE012306220021702002F07EFEF0
:10211000012307221021002002F078FE012308226B
:1021200010210E2002F072FE0123092210211C2032
:1021300002F06CFE01230A2210212A2002F066FE22
:1021400001230B221021382002F060FE01230C2213
:102150001021462002F05AFE01230D2210215420A6
:1021600002F054FE01230E221021622002F04EFEE6
:1021700001230F221021702002F048FE01231022BB
:102180002021002002F042FE0123112220210E20F6
:1021900002F03CFE0123122220211C2002F036FE18
:1021A0000123132220212A2002F030FE01231422D1
:1021B0002021382002F02AFE01231522202146206A
:1021C00002F024FE012316222021542002F01EFEDC
:1021D000012317222021622002F018FE0123182279
:1021E0002021702002F012FE01231922302100204C
:1021F00002F00CFE01231A2230210E2002F006FE0E
:1022000001231B2230211C2002F000FE01231C228E
:1022100030212A2002F0FAFD01231C2230212E2039
:1022200002F0F4FD01231C223021322002F0EEFDE9
:1022300002F052FB00BF80BD80B500AF01230C222D
:102240000021002002F0E2FD01231D2200210E20CA
:1022500002F0DCFD01231E2200211C2002F0D6FD2D
:1022600001231F2200212A2002F0D0FD0123202279
:102270000021382002F0CAFD01232122002146203E
:1022800002F0C4FD012322220021542002F0BEFDF1
:1022900001230B220021622002F0B8FD012323223A
:1022A0000021702002F0B2FD012324221021002021
:1022B00002F0ACFD0123252210210E2002F0A6FD24
:1022C0000123262210211C2002F0A0FD0123272239
:1022D00010212A2002F09AFD012328221021382003
:1022E00002F094FD012329221021462002F08EFDE8
:1022F00001232A221021542002F088FD01232B22E1
:102300001021622002F082FD01232C221021702076
:1023100002F07CFD01232D222021002002F076FD19
:1023200001232E2220210E2002F070FD0123132212
:1023300020211C2002F06AFD01232F2220212A20C7
:1023400002F064FD012330222021382002F05EFDDE
:10235000012331222021462002F058FD01233222A0
:102360002021542002F052FD01233322202162203B
:1023700002F04CFD012318222021702002F046FDBE
:10238000012329223021002002F040FD01233422C4
:1023900030210E2002F03AFD0123352230211C208D
:1023A00002F034FD0123182230212A2002F02EFDF4
:1023B000012319223021382002F028FD0123362282
:1023C0003021462002F022FD012337223021542003
:1023D00002F01CFD01231C223021622002F016FDB8
:1023E00001231C223021662002F010FD01231C2253
:1023F00030216A2002F00AFD02F06EFA00BF80BDB3
:1024000080B500AF012342220021002002F0FEFC33
:102410000123432200210E2002F0F8FC0123442274
:1024200000211C2002F0F2FC0123242200212A209A
:1024300002F0ECFC012325220021382002F0E6FC0A
:10244000012345220021462002F0E0FC0123022264
:102450000021542002F0DAFC012303220021622033
:1024600002F0D4FC012304220021702002F0CEFCF3
:10247000012346221021002002F0C8FC012347223C
:1024800010210E2002F0C2FC0123482210211C2042
:1024900002F0BCFC0123492210212A2002F0B6FCE4
:1024A00001234A221021382002F0B0FC01234B22E4
:1024B0001021462002F0AAFC01234C2210215420B6
:1024C00002F0A4FC01234D221021622002F09EFCA8
:1024D00001234E221021702002F098FC01234F228C
:1024E0002021002002F092FC0123502220210E2006
:1024F00002F08CFC01230B2220211C2002F086FC20
:102500000123512220212A2002F080FC01233322C2
:102510002021382002F07AFC01233C222021462091
:1025200002F074FC01233D222021542002F06EFCB5
:10253000012352222021622002F068FC0123532251
:102540002021702002F062FC01235422302100205F
:1025500002F05CFC0123552230210E2002F056FCD3
:1025600001234D2230211C2002F050FC01234E2279
:1025700030212A2002F04AFC012356223021382043
:1025800002F044FC012357223021462002F03EFC99
:1025900001234C223021542002F038FC0123582220
:1025A0003021622002F032FC0123592230217020B8
:1025B00002F02CFC02F090F900BF80BD80B500AFA6
:1025C000012323220021002002F020FC01235A22B3
:1025D00000210E2002F01AFC0123242200211C20DD
:1025E00002F014FC0123252200212A2002F00EFC17
:1025F000012326220021382002F008FC0123272293
:102600000021462002F002FC012328220021542050
:1026100002F0FCFB012329220021622002F0F6FBDC
:1026200001235B220021702002F0F0FB01235C22D9
:102630001021002002F0EAFB01235D221021092075
:1026400002F0E4FB01235E221021122002F0DEFBE7
:1026500001234C2210211B2002F0D8FB01235F2212
:102660001021292002F0D2FB01233922102137202A
:1026700002F0CCFB012360221021452002F0C6FBB2
:102680000123612210214E2002F0C0FB01236022B1
:102690001021572002F0BAFB012361221021602093
:1026A00002F0B4FB012363221021692002F0AEFB8B
:1026B000012360222021002002F0A8FB01236122D7
:1026C0002021092002F0A2FB0123622220211220F6
:1026D00002F09CFB0123612220211B2002F096FBCB
:1026E000012364222021242002F090FB01235722A1
:1026F0002021322002F08AFB01230B2220214020DE
:1027000002F084FB0123512220214E2002F07EFBA7
:102710000123332220215C2002F078FB01234F2289
:1027200020216A2002F072FB012365223021002063
:1027300002F06CFB0123492230210E2002F066FBDF
:1027400001234A2230211C2002F060FB01234B228E
:1027500030212A2002F05AFB01234C22302138205C
:1027600002F054FB01234D223021462002F04EFBA3
:1027700001234E223021542002F048FB0123132272
:102780003021622002F042FB01233C2230217020E4
:1027900002F03CFB02F0A0F800BF80BD80B582B023
:1027A00002AF01233D220021002002F02FFB012374
:1027B000312200210E2002F029FB01236622002194
:1027C0001C2002F023FB0123332200212A2002F0E7
:1027D0001DFB012314220021382002F017FB0123E6
:1027E00015220021462002F011FB012316220021B0
:1027F000542002F00BFB012317220021622002F07B
:1028000005FB012318220021702002F0FFFA0123AA
:1028100019221021002002F0F9FA01236722102169
:102820000E2002F0F3FA0123682210211C2002F08E
:10283000EDFA0123072210212A2002F0E7FA0123F2
:1028400008221021382002F0E1FA01231C22102175
:10285000462002F0DBFA01231C2210214A2002F05C
:10286000D5FA01231C2210214E2002F0CFFA0123B9
:102870000093102341222821182002F041F901235E
:102880000093102344222821202002F039F901234B
:102890000093102343222821282002F031F9094B0C
:1028A0001B68184603F066FF0246102300930423BA
:1028B00028214E2002F0B1F902F00EF800BFBD460B
:1028C00080BD00BFCC00002080B582B002AF0123E4
:1028D00038220021152002F099FA01233922002123
:1028E000232002F093FA01233A220021312002F042
:1028F0008DFA01233B2200213F2002F087FA0123B9
:102900003C2200214D2002F081FA01233D220021CA
:102910005B2002F07BFA01233E220021692002F0B5
:1029200075FA01233F221021002002F06FFA0123E3
:10293000402210210E2002F069FA012341221021C9
:102940001C2002F063FA01231C2210212E2002F029
:102950005DFA01231C221021352002F057FA0123D1
:102960001C2210213C2002F051FA01231C221021CC
:10297000432002F04BFA01231C2210214A2002F0CE
:1029800045FA01231C221021512002F03FFA0123B5
:102990000C2220210E2002F039FA01232B222021C3
:1029A0001C2002F033FA01232C2220212A2002F0DD
:1029B0002DFA012324222021382002F027FA0123B6
:1029C00025222021462002F021FA01232D22202158
:1029D000542002F01BFA01232E222021622002F053
:1029E00015FA01230093102341223021182002F010
:1029F00087F801230093102344223021202002F085
:102A00007FF801230093102343223021282002F075
:102A100077F8094B1B68184603F0ACFE02461023FA
:102A20000093042330214E2002F0F7F801F054FF08
:102A300000BFBD4680BD00BFCC00002080B500AF08
:102A4000012300220421202002F086F90123012223
:102A50000421302002F080F90123022204214020C9
:102A600002F07AF9012303220421502002F074F9C4
:102A7000012304221821182002F06EF901230522F7
:102A80001821282002F068F9012306221821382095
:102A900002F062F9012307221821482002F05CF9B4
:102AA000012308221821582002F056F90123092297
:102AB0001821682002F050F901230A222C2100205D
:102AC00002F04AF901230B222C21102002F044F9D4
:102AD00001230C222C21202002F03EF901230D229B
:102AE0002C21302002F038F901F0F6FE00BF80BD45
:102AF00080B500AF01230E221021182002F02CF91E
:102B000001230F221021282002F026F90123102290
:102B10001021382002F020F9012311221021482031
:102B200002F01AF9012312221021582002F014F9A0
:102B3000012313222021182002F00EF90123142270
:102B40002021282002F008F9012315222021382015
:102B500002F002F9012300222021482002F0FCF8B3
:102B6000012301222021582002F0F6F801F0B4FEE2
:102B700000BF80BD0000000090B583B000AF78605A
:102B800039608F4B1B681946386803F0FDFA03461D
:102B90001A468C4B1B681946104603F0FFFB034690
:102BA0001A46894B1B681946104603F0EFFA034694
:102BB0001A46854B1A60854B1B68854A5268114638
:102BC000184603F0E1FA03461A46814B9B68194602
:102BD000104603F0D9FA03461A467E4B1A607C4B26
:102BE000DB6883F000437B4A5360794BDB6883F0FA
:102BF0000043784A9360784B1B68764AD360744BE5
:102C00001C68744B1B686F4A12681146184603F023
:102C1000C5FB03461946204603F0B8FA03461A4698
:102C20006B4B1A606A4B5C686A4B5B68654A12685A
:102C30001146184603F0B2FB03461946204603F03E
:102C4000A5FA03461A46624B5A60614B9C68614B79
:102C50009B685C4A12681146184603F09FFB0346C6
:102C60001946204603F092FA03461A46584B9A60DA
:102C7000574BDC68574BDB68524A126811461846BE
:102C800003F08CFB03461946204603F07FFA034607
:102C90001A464F4BDA604C4B1B681946786803F0B4
:102CA00073FA03461A464D4B1A604D4B1B78184673
:102CB00003F020FB0246464B1B681946104603F002
:102CC0006DFB03461A46474B1A60454B1B78184666
:102CD00003F010FB02463E4B9B681946104603F07A
:102CE0005DFB03461A46404B1A603D4B1B78184665
:102CF00003F000FB02463B4B1B681946104603F0ED
:102D00004DFB03461A46394B1B681946104603F023
:102D10003DFA03461A46364B1A60324B1B68344A5A
:102D200012681146184603F0EDFB03461A46314B74
:102D30001A602D4B1B682E4A12681146184603F084
:102D4000E1FB03461A462C4B1A60264B1B682B4AA4
:102D50001360234B1B78184603F0CCFA02461C4B39
:102D60005B681946104603F019FB03461A46244BCC
:102D70001A60174B1C681F4B1B68204A12681146CB
:102D8000184603F00BFB03461946204603F0FCF9F6
:102D900003461A460E4B1A600D4B5C68154B1B68B8
:102DA000174A12681146184603F0F8FA0346194606
:102DB000204603F0E9F903461A46054B5A6021E024
:102DC000DC01002040000020D4010020340000205D
:102DD000480000200002002038000020E001002010
:102DE00044000020E4010020E80100203C00002015
:102DF000EC010020F0010020F4010020F801002087
:102E0000FC0100202D4B9C682D4B1B682D4A12683D
:102E10001146184603F0C2FA03461946204603F04D
:102E2000B3F903461A46254B9A60244BDC68244BC1
:102E30001B68254A12681146184603F0AFFA03468C
:102E40001946204603F0A0F903461A461B4BDA60E8
:102E50001E4B1B681E4A12681146184603F09EFA64
:102E600003461A461B4B1B681946104603F08EF9A1
:102E700003461A46174B1A60114B1B68144A126816
:102E80001146184603F08AFA03461A46124B1B688D
:102E90001946104603F07AF903461A460E4B1A609B
:102EA0000D4B1B681946386803F06EF903461A4645
:102EB0000A4B1A6000BF0C37BD4690BD4800002089
:102EC000F4010020F8010020FC010020F0010020A6
:102ED000E0010020D4010020DC010020D801002006
:102EE0002DE9B04F82B000AF78603960264B1B6887
:102EF0007968184603F052FA0346184602F05EFE5F
:102F000004460D46204B1B6819464FF07E5003F0D7
:102F10003BF90346184602F051FE804689461B4B9A
:102F20001B68184602F04AFE82468B46386802F05B
:102F300045FE13A3D3E9002302F098FE02460B4698
:102F40005046594602F0DCFC02460B4640464946D4
:102F500002F08CFE02460B462046294602F0D0FCC9
:102F600002460B461046194603F0BAF80346074AD4
:102F7000136000BF0837BD46BDE8B08FAFF30080D7
:102F80007B14AE47E17A743F30000020D40100206A
:102F900080B400AF0D4B9B690C4A43F0040393616E
:102FA0000B4B1B680A4A23F470231360084B1B6801
:102FB000074A43F440331360054BDB68044A43F08F
:102FC0001003D36000BFBD4680BC704700100240B4
:102FD0000008014080B483B000AF0346FB80FB884B
:102FE000002B03D10D4B00221A6011E00C4B1B6823
:102FF00001330B4A13600A4B1A68FB889A4207D1C7
:10300000064B1B68054ADB431360054B00221A6020
:1030100000BF0C37BD4680BC704700BF9001214205
:103020001002002080B500AF424BDB69414A43F0FB
:103030000103D3613F4B9B693E4A43F00403936114
:103040003D4B1B683C4A23F0FF0313603A4B1B685F
:10305000394A43F0440313604FF08043DB684FF07C
:10306000804243F00103D3604FF08043DB684FF0B0
:10307000804243F04003D36001231C22032101203E
:10308000FDF778F94FF0804300229A624FF08043B9
:103090004FF6FF72DA624FF080431B684FF08042B8
:1030A00023F4407313604FF080431B684FF080425D
:1030B00023F0600313604FF080439B694FF0804220
:1030C00043F0010393614FF080439B694FF08042CE
:1030D00043F4807393614FF080431B6A4FF080424A
:1030E00023F0020313624FF080431B6A4FF08042CB
:1030F00023F0200313624FF080439B694FF080421E
:1031000043F0300393614FF080439B684FF080425F
:1031100043F0030393604FF0804342F210725A620F
:103120004FF080431B684FF0804243F0010313606F
:1031300000BF80BD001002400008014080B400AF15
:10314000224BDB69214A43F00403D3611F4B9B6987
:103150001E4A43F0080393611D4B1B681C4A23F071
:103160007F4313601A4B1B68194A43F0884313606E
:10317000184B00229A62174B4FF6FF72DA62154B1A
:103180001B68144A23F440731360124B1B68114AE6
:1031900023F0600313600F4B9B690E4A43F030032A
:1031A00093610C4B9B680B4A43F003039360094BFC
:1031B00042F210725A62074B1B68064A43F0010341
:1031C000136000BFBD4680BC704700BF00100240C6
:1031D000000C01400008004080B485B000AF0346F9
:1031E000FB71FB79042B11D0042B14DC022B02D0D1
:1031F000032B06D00FE04FF080435B6A1BB2FB60ED
:103200000BE0094B5B6A1BB2FB6006E0074B5B6A95
:103210001BB2FB6001E00023FB60FB68184614371B
:10322000BD4680BC704700BF00040040000800405D
:1032300080B400AF4FF080431B694FF080431B699F
:103240004FF0804223F00103136100BFBD4680BCF4
:10325000704700BF90B585B000AF786039607B687B
:103260003F4A02FB03F3184603F040F804463B686C
:103270001B01184603F03AF803461946204603F0AE
:1032800041F90346FB60F86803F074FA03467B815A
:103290007B89184603F02EF803461946F86802F0B9
:1032A00073FF03464FF08341184603F077F8034657
:1032B000184603F05FFA03463B817B891B017B8143
:1032C0007A893B8913447B81264B9B69254A43F0CD
:1032D00008039361234BDB69224A43F48023D361C3
:1032E000214B5B68204A23F47F4353601E4B5B688D
:1032F0001D4A43F40B4353601B4BDB681A4A43F4EB
:103300008063D360174B1B69164A43F48023136113
:10331000144B1B69134A23F480231361134A7B89DE
:103320009360124BDB68114A43F4005343F00C03E3
:10333000D3600E4BDB680D4A43F48073D3600B4BB4
:10334000DB680A4A43F02003D360022327220121CD
:103350000220FDF70FF800BF1437BD4690BD00BF37
:1033600040420F0000100240000C014000480040A5
:1033700080B400AF0D4B1B6803F02003002B11D06D
:103380000A4B5B681A460A4B1A60094B1B68DAB293
:10339000084B1A70074B5A78064B9A70054B1A78EF
:1033A000044B5A7000BFBD4680BC704700480040C7
:1033B000200200201802002080B400AF0A4B9B6955
:1033C000094A43F008039361084B5B68074A23F0FE
:1033D000FF035360054B5B68044A43F033035360BB
:1033E00000BFBD4680BC704700100240000C014089
:1033F00080B500AF164B5B68154A23F0F0035360AD
:10340000134B5B68124A43F030035360114B0122A7
:103410001A60114B1B68002B01D1002315E00F4BE4
:1034200001221A600120FDF785F90A4B00221A607B
:10343000094B1B68002B01D0002306E00120FDF79B
:1034400079F9064B00221A600123184680BD00BF9F
:10345000000C0140A481214224812142A08121420B
:1034600080B500AF0F4B5B680E4A23F0F00353604A
:103470000C4B5B680B4A43F0300353600A4B00224D
:103480001A600A4B00221A600120FDF753F9064B1F
:1034900001221A60054B01221A600120FDF74AF94A
:1034A00000BF80BD000C0140A0812142A4812142C7
:1034B00080B582B000AF0023FB71194B5B68184ADE
:1034C00023F0F0035360164B5B68154A43F080030A
:1034D0005360144B01221A600120FDF72BF9124BA7
:1034E00001221A600120FDF725F90CE0FB79013378
:1034F000FB71FB79322B03D9FFF7B2FF00230AE0FF
:103500000120FDF717F9094B1B68002BEED1064B84
:1035100000221A60012318460837BD4680BD00BF4F
:10352000000C0140A4812142A0812142248121423A
:1035300080B500AF0F4B00221A600F4B5B680E4A3C
:1035400023F0F00353600C4B5B680B4A43F03003ED
:1035500053600A4B00221A600120FDF7EBF8054B7F
:1035600001221A600120FDF7E5F8024B00221A60E3
:1035700000BF80BDA0812142000C0140A4812142F6
:1035800080B500AF0F4B00221A600F4B5B680E4AEC
:1035900023F0F00353600C4B5B680B4A43F030039D
:1035A00053600A4B01221A600120FDF7C3F8054B56
:1035B00001221A600120FDF7BDF8024B00221A60BB
:1035C00000BF80BDA0812142000C0140A4812142A6
:1035D00080B584B000AF0346FB711A4B5B68194A93
:1035E00023F0F0035360174B5B68164A43F0300337
:1035F0005360154B00221A600023FB7319E0FB791E
:10360000DB09DAB2114B1A60FB795B00FB71012018
:10361000FDF790F80C4B01221A600120FDF78AF8A3
:10362000094B00221A600120FDF784F8FB7B01336F
:10363000FB73FB7B072BE2D900BF00BF1037BD46F1
:1036400080BD00BF000C0140A0812142A481214225
:1036500080B584B000AF3B600346FB710B46BB7185
:1036600013467B71FFF7C4FE0346002B01D10123F3
:1036700031E0FB795B00DBB21846FFF7A9FFFFF7EB
:1036800017FF0346002B03D1FFF7EAFE012322E0D8
:10369000BB791846FFF79CFFFFF70AFF0023FB608A
:1036A00012E0FB683A6813441B781846FFF790FF56
:1036B000FFF7FEFE0346002B03D1FFF7D1FE0023E8
:1036C00009E0FB680133FB607B79FA689A42E8DB2A
:1036D000FFF7C6FE002318461037BD4680BD80B5F3
:1036E00082B000AF3B600346FB710B46BB711346D3
:1036F0007B71FFF77DFE0346002B01D101233FE0E4
:10370000FB795B00DBB21846FFF762FFFFF7D0FEE4
:103710000346002B03D1FFF7A3FE012330E0BB7962
:103720001846FFF755FFFFF7C3FEFFF761FEFB7971
:103730005B00DBB20133DBB21846FFF749FFFFF74E
:10374000B7FE17E07B79012B07D1002000F01CF8B1
:1037500003461A463B681A7006E0012000F014F890
:1037600003461A463B681A703B6801333B607B791D
:10377000013B7B717B79002BE4D1FFF771FE0023C5
:1037800018460837BD4680BD80B584B000AF0346FB
:10379000FB710023BB731C4B5B681B4A23F0F003D7
:1037A0005360194B5B68184A43F080035360002351
:1037B000FB7318E0154B00221A600220FCF7BAFFD9
:1037C000124B01221A60BB7B5B00BB73104B1B6862
:1037D000002B02D0BB7B0133BB730220FCF7AAFF96
:1037E000FB7B0133FB73FB7B072BE3D9FB79002BBE
:1037F00002D0FFF79DFE01E0FFF7C2FEBB7B18463B
:103800001037BD4680BD00BF000C0140A0812142A1
:103810002481214280B584B000AF03460A46FB7183
:103820001346BB710023FB73FFF7E2FDFB791846DB
:10383000FFF7CEFEFB7B0133FB73FFF739FEBB794D
:103840001846FFF7C5FEFB7B0133FB73FFF730FE25
:10385000FFF7CEFDFB790133DBB21846FFF7B8FE68
:10386000FB7B0133FB73FFF723FE0020FFF78CFF88
:103870000346FB73FFF7F4FDFB7B18461037BD468C
:1038800080BD90B585B000AF3B600346FB710B4631
:10389000BB7113467B710023FB73FFF7A9FDFB7916
:1038A0001846FFF795FEFFF703FEBB791846FFF7B2
:1038B0008FFEFFF7FDFDFFF79BFDFB790133DBB2C8
:1038C0001846FFF785FEFFF7F3FD0023FB7318E0B2
:1038D000FA7B7B79013B9A4208D0FB7B3A68D4188B
:1038E0000120FFF751FF0346237007E0FB7B3A6896
:1038F000D4180020FFF748FF03462370FB7B0133F9
:10390000FB73FA7B7B799A42E2D3FFF7A9FDFB7B3D
:1039100018461437BD4690BD80B584B000AF3B60FB
:103920000346FB710B46BB7113467B710023FB738F
:10393000FFF75EFDFB791846FFF74AFEFFF7B8FD7B
:10394000BB791846FFF744FEFFF7B2FD0023FB7377
:103950000BE0FB7B3A6813441B781846FFF738FEF0
:10396000FFF7A6FDFB7B0133FB73FA7B7B799A4261
:10397000EFD3FFF775FD012318461037BD4680BD14
:1039800080B582B000AF03463A60FB710B46BB7155
:10399000BA79FB7911461846FFF73CFF03461A46F1
:1039A0003B681A70012318460837BD4680BD80B5B4
:1039B00082B000AF0346FB710B46BB7113467B71AF
:1039C0007B1DB979F8790122FFF7A6FF0346184657
:1039D0000837BD4680BD90B585B000AF04460846A7
:1039E00011461A462346FB710346BB710B467B7199
:1039F00013463B7107F10E02B979FB791846FFF7C0
:103A0000BFFF0346002B37D07B790133FF2202FA38
:103A100003F35AB27B79C3F108013B790B44013BB4
:103A2000FF2141FA03F35BB213435BB2FB7397F8D8
:103A300020203B79C3F1080302FA03F387F8203012
:103A400097F820207B79C3F1070342FA03F387F844
:103A50002030BA7BFB7B1340DBB2BB73BA7B97F899
:103A600020301343DBB2BB73BA7BB979FB791846BC
:103A7000FFF79DFF034600E0002318461437BD46BC
:103A800090BD90B585B000AF0446084611461A4671
:103A90002346FB710346BB710B467B7113463B719A
:103AA00007F10F02B979FB791846FFF769FF3B79F7
:103AB000002B0AD07B79012202FA03F35AB2FB7B76
:103AC0005BB213435BB2DBB20BE07B79012202FAFB
:103AD00003F35BB2DB435AB2FB7B5BB213405BB2D6
:103AE000DBB2FB73FA7BB979FB791846FFF75FFF0E
:103AF000034618461437BD4690BD00BF80B500AFE1
:103B000000F0B6FC012207210020FCF785FC012211
:103B100005210020FCF780FC01220B210020FCF78E
:103B20007BFC01220C210020FCF776FC02231722EB
:103B300002210220FCF71EFC02232822022102207F
:103B4000FCF718FC00BF80BD98B500AF0520FCF75E
:103B50001FFE1C4B1B68002B10D11B4B1B78002B2E
:103B60000CBF01230023DBB21A46174B1A70164B09
:103B70001B78002B02D1154B00221A70144B1B68C6
:103B8000002B16D1134B1C684FF07E51204602F0DB
:103B9000FDFA03461A460F4B1A604FF0814120464A
:103BA00002F090FD0346002B03D00A4B4FF07E52EB
:103BB0001A60094B20225A61074B80225A6100BFCC
:103BC00098BD00BF14012142000000202C000020FD
:103BD0001C012142180000200004014080B500AF04
:103BE0000520FCF7D5FD7F4B1B68002B59D17E4B80
:103BF0001B684FF07E51184602F064FD0346002B0F
:103C00000CD07A4B1B687A4A12681146184602F0AB
:103C1000BBFA03461A46754B1A6042E0724B1B68AA
:103C20004FF08041184602F04DFD0346002B0CD0AA
:103C3000704B1B68704A12681146184602F0A4FACD
:103C400003461A466B4B1A602BE0674B1B686B49A7
:103C5000184602F037FD0346002B0CD0684B1B685A
:103C6000684A12681146184602F08EFA03461A4650
:103C7000634B1A6015E05C4B1B684FF0814118469E
:103C800002F020FD0346002B0BD05F4B1B685F4A00
:103C900012681146184602F077FA03461A465A4B44
:103CA0001A605B4B1B68002B59D14F4B1B684FF0C0
:103CB0007E51184602F006FD0346002B0CD04B4BFC
:103CC0001B684B4A12681146184602F05FFA034619
:103CD0001A46464B1A6042E0434B1B684FF0804146
:103CE000184602F0EFFC0346002B0CD0414B1B683A
:103CF000414A12681146184602F048FA03461A462D
:103D00003C4B1A602BE0384B1B683C49184602F0CC
:103D1000D9FC0346002B0CD0394B1B68394A12687A
:103D20001146184602F032FA03461A46344B1A601E
:103D300015E02D4B1B684FF08141184602F0C2FC84
:103D40000346002B0BD0304B1B68304A12681146DB
:103D5000184602F01BFA03461A462B4B1A60234BF7
:103D60001B684FF00001184602F0C0FC0346002B10
:103D700003D01E4B4FF000021A601E4B1B684FF021
:103D80000001184602F0B2FC0346002B03D0194B89
:103D90004FF000021A601A4B1B684FF000011846E2
:103DA00002F0A4FC0346002B03D0154B4FF0000299
:103DB0001A60154B1B684FF00001184602F096FC84
:103DC0000346002B03D0104B4FF000021A60114B3A
:103DD0004FF400625A610F4B4FF480525A6100BF9A
:103DE00080BD00BF300121421800002008000020E3
:103DF0001C0000200C00002020000020000040409B
:103E000010000020240000201400002028000020C2
:103E10002C0121420004014080B500AF1C4B9B697E
:103E20001B4A43F004039361194B9B69184A43F002
:103E300008039361174B1B68164A23F47043136001
:103E4000144B1B68134A43F440531360124B1B6816
:103E5000114A23F47F4313600F4B1B680E4A43F44F
:103E6000034313600C4BDB680B4A43F00403D3603D
:103E7000084BDB68074A43F00803D36000F05CFCA2
:103E8000064B00221A60064B01221A6000BF80BD5B
:103E900000100240000C0140000801408C812142CA
:103EA0008801214280B582B000AF194A3B4692E8B2
:103EB0000300186004331970012000F09DFC3B469C
:103EC00005221946302000F08FF83B46052219469E
:103ED000102000F05BF80023FB7109E0FB79083348
:103EE0003B4413F8083CA52B06D1FB790133FB7149
:103EF000FB79042BF2D900E000BFFB79052B01D040
:103F0000012300E0002318460837BD4680BD00BFEE
:103F1000687C000880B584B000AF03460A46FB7198
:103F20001346BB710A4B00221A60FB79184600F059
:103F30009FFC0346FB73BB79184600F099FC044BC9
:103F400001221A60FB7B18461037BD4680BD00BFBA
:103F50008801214280B584B000AF0346FB710A4B53
:103F600000221A60FB79184600F082FCFF2000F066
:103F70007FFC0346FB73044B01221A60FB7B18464F
:103F80001037BD4680BD00BF8801214290B585B085
:103F900000AF03463960FB711346BB71114B002221
:103FA0001A60FB79184600F063FC0346BB730023DC
:103FB000FB730AE0FB7B3A68D418FF2000F058FC42
:103FC00003462370FB7B0133FB73FA7BBB799A4278
:103FD000F0D3044B01221A60BB7B18461437BD4650
:103FE00090BD00BF8801214280B584B000AF034678
:103FF0003960FB711346BB71104B00221A60FB79CC
:10400000184600F035FC0346BB730023FB7309E040
:104010003B685A1C3A601B78184600F029FCFB7B71
:104020000133FB73FA7BBB799A42F1D3034B012234
:104030001A60BB7B18461037BD4680BD88012142FF
:1040400080B584B000AF7860012000F0D5FB184B3C
:1040500000221A6020227968A020FFF7C5FF144BC8
:1040600001221A6000BF134B1B68002BFBD10720F5
:10407000FFF770FF0346FB73FB7B19462720FFF712
:1040800049FFFB7B03F01003002B05D0FF21E1204B
:10409000FFF740FF102307E0FB7B03F02003002B1A
:1040A00001D0202300E0FF2318461037BD4680BD15
:1040B0008C8121420C01214280B584B000AF786030
:1040C000012000F099FB0720FFF744FF0346FB7334
:1040D000FB7B19462720FFF71DFFFB7B03F0400306
:1040E000002B0AD0202279686120FFF74FFFFF21C3
:1040F000E220FFF70FFF002300E0012318461037EE
:10410000BD4680BD80B500AF124B00221A6005226B
:1041100011492A20FFF768FF01212120FFF7FAFE4D
:1041200001212220FFF7F6FE28212520FFF7F2FECD
:1041300020213120FFF7EEFE0F212620FFF7EAFEB7
:104140000F212020FFF7E6FE024B01221A6000BF7C
:1041500080BD00BF8C812142607C000880B500AF2B
:10416000144B00221A60052213493020FFF73CFF50
:10417000052212492A20FFF737FF01212120FFF7EE
:10418000C9FE01212220FFF7C5FE1A212420FFF7D6
:10419000C1FE28212520FFF7BDFE0F212620FFF7B5
:1041A000B9FE0E212020FFF7B5FE024B01221A6056
:1041B00000BF80BD8C812142587C0008607C0008D3
:1041C00080B500AF0BE00B4B1B68002B0CBF01232D
:1041D0000023DAB2074B1A606420FCF7D9FAFFF724
:1041E00061FE0346002BEED1034802F03BFB00BF0B
:1041F00080BD00BF90012142707C000880B582B074
:1042000000AF03460A46FB801346BB80134B9B69F5
:10421000124A43F400639361114AFB88D362104A47
:10422000BB8893620E4BDB680D4A43F00103D360F9
:104230000B4BDB680A4A43F04003D360084B1B6812
:10424000074A43F0010313600223192203210120CE
:10425000FCF790F800BF0837BD4680BD0010024053
:10426000002C014080B487B000AFF860B9601346FD
:10427000FB71FB687B61FB79BA6813447A69127839
:104280001A70FB790133BA6813447A6952781A704C
:10429000FB790233BA6813447A6992781A70FB7911
:1042A0000333BA6813447A69D2781A7000BF1C3796
:1042B000BD4680BC704780B582B000AF78600B46C9
:1042C000FB70FB780A2B63D8FB78002B60D0FB785F
:1042D000013B092B5DD801A252F823F005430008E9
:1042E00013430008214300082F4300083D43000802
:1042F0004B43000859430008674300087543000812
:10430000834300083B1D012223491846FFF7AAFFFB
:104310003FE03B1D052220491846FFF7A3FF38E088
:104320003B1D09221C491846FFF79CFF31E03B1D4D
:104330000D2219491846FFF795FF2AE03B1D11226F
:1043400015491846FFF78EFF23E03B1D1522124941
:104350001846FFF787FF1CE03B1D19220E4918463F
:10436000FFF780FF15E03B1D1D220B491846FFF7A4
:1043700079FF0EE03B1D212207491846FFF772FF27
:1043800007E03B1D252204491846FFF76BFF00E0BC
:1043900000BF0837BD4680BD2402002080B483B032
:1043A00000AF0346FB71FB790A2B02D8FB79002B87
:1043B00001D1002354E02D4B24221A70FB79013BDC
:1043C000092B4CD801A252F823F000BFF543000896
:1043D000FF43000809440008134400081D44000876
:1043E00027440008314400083B44000847440008C3
:1043F000534400081D4B05225A71062330E01B4B25
:1044000009225A720A232BE0184B0D225A730E23ED
:1044100026E0164B11225A74122321E0134B152269
:104420005A7516231CE0114B19225A761A2317E0ED
:104430000E4B1D225A771E2312E00C4B212283F8CB
:10444000212022230CE0094B252283F82520262356
:1044500006E0064B292283F829202A2300E00023C6
:1044600018460C37BD4680BC704700BF24020020B0
:1044700080B400AF1C4B9B691B4A43F0040393615B
:104480001A4B5B68194A23F47F235360174B5B6810
:10449000164A43F408235360144B1A681349144B0B
:1044A00013400B60114B1A681049124B13430B60F9
:1044B0000E4BDB680D4A43F00403D3600B4BDB6803
:1044C0000A4A43F08003D360084BDB68074A43F095
:1044D0002003D360054BDB68044A43F4C053D36028
:1044E00000BFBD4680BC704700100240000801407C
:1044F000FFF00F0F0008808080B483B000AF034648
:10450000FB71384B1B68002B06D1374B1B880133DE
:104510009AB2354B1A8002E0334B00221A80314B9D
:104520001B68002B06D1314B1B78002B02D12F4B7F
:1045300001221A702E4B1B78002B18D12B4B1B78A5
:10454000012B08D12B4B1B780133DAB2294B1A709F
:10455000274B01221A70274B1B78022B07D1254BC2
:1045600000221A70244B00221A80022334E01D4BD3
:104570001B68012B05D11D4B00221A701C4B002219
:104580001A701C4B1B78012B25D11B4B1B88013348
:104590009AB2194B1A80FB799AB2174B1B889A4230
:1045A0000DD2FB799AB2104B1B889A4207D9114B56
:1045B00000221A70104B00221A8001230CE0FB79B4
:1045C0009AB2094B1B889A4205D20A4B00221A70F4
:1045D000094B00221A80002318460C37BD4680BCC8
:1045E000704700BF080121424E0200205002002007
:1045F00051020020520200205402002080B500AF7A
:10460000174B1B78002B23D0164B1B68002B07D0B1
:10461000154B1B68002B03D0144B1B68002B17D1C4
:104620000F4B00221A703220FCF7B2F80D4B1B68BA
:10463000002B01D1052311E00B4B1B68002B01D18E
:104640000B230BE0094B1B68002B05D10C2305E065
:10465000034B01221A7000E000BF0023184680BD02
:104660005F000020140121422C012142300121422F
:1046700080B400AF144B1B88002B0AD1134B1B686E
:10468000002B06D1124B1B8801339AB2104B1A80B3
:1046900002E00F4B00221A800D4B1B88142B07D908
:1046A000094B01221A800A4B00221A80012307E0DD
:1046B000054B1B88012B02D1034B00221A800023DB
:1046C0001846BD4680BC7047560200201C0121429E
:1046D0005802002080B400AF144B1B88002B0AD175
:1046E000134B1B68002B06D1124B1B8801339AB267
:1046F000104B1A8002E00F4B00221A800D4B1B88D2
:10470000C82B07D9094B01221A800A4B00221A80B4
:10471000012307E0054B1B88012B02D1034B00222C
:104720001A8000231846BD4680BC70475A020020FC
:10473000080121425C02002080B500AF2B4B9B6931
:104740002A4A43F004039361284B9B69274A43F4A8
:1047500080539361264B1B68254AC3F313031360F0
:10476000234B1B68224A43F03B4343F4300313605E
:104770001F4BDB681E4A43F0E003D3601D4B1D4A0C
:104780001B6813601B4B1B681A4A43F400731360C9
:10479000184B1B68174A43F480731360154B1B6852
:1047A000144A43F004031360124B124A1B6813604F
:1047B000104B104A1B6813600E4B0E4A1B681360A7
:1047C0000C4B1B680B4A43F038031360094B094A32
:1047D0001B681360074B1B68064A43F040031360D5
:1047E000FF2000F045F800BF80BD00BF0010024070
:1047F000000801400030014080B483B000AF0346A0
:10480000FB711A4B1A6819494FF6C77313400B60B6
:10481000FB79002B04D1154B144A1B68136019E077
:10482000FB79012B06D1114B1B68104A43F0100392
:1048300013600FE0FB79022B06D10C4B1B680B4A6F
:1048400043F01803136005E0084B1B68074A43F068
:1048500038031360054B1B68044A43F040031360A0
:1048600000BF0C37BD4680BC704700BF0030014020
:1048700080B485B000AF0346FB710023FB7307E0F3
:10488000FB7B0133FB73FB7BC82B01D900231CE0AE
:10489000104B9B6803F00203002BF1D00D4AFB790B
:1048A000D3600023FB7307E0FB7B0133FB73FB7BCF
:1048B000C82B01D9002308E0064B9B6803F00103D5
:1048C000002BF1D0034BDB68DBB218461437BD4632
:1048D00080BC70470030014080B582B000AF00233B
:1048E000FB7126E0FB79503BDBB20021184600F05B
:1048F0002BF80021002000F027F80021102000F004
:1049000023F80023BB710DE0BA79FB790D49D20081
:104910000A4413441B780121184600F015F8BB79AE
:104920000133BB7197F90630002BEDDAFB790133C7
:10493000FB71FB79072BD5D900BF00BF0837BD46F7
:1049400080BD00BF6002002080B485B000AF034688
:104950000A46FB711346BB71BB79002B03D0164B83
:1049600001221A6002E0144B00221A600023FB733C
:1049700016E0124B00221A6097F90730002B03DA79
:104980000F4B01221A6002E00D4B00221A600B4B04
:1049900001221A60FB795B00FB71FB7B0133FB7327
:1049A000FB7B072BE5D9044B01221A6000BF1437AB
:1049B000BD4680BC704700BFBC01214294812142AA
:1049C0009081214280B500AF00218D20FFF7BCFF10
:1049D00000211420FFF7B8FF0021AF20FFF7B4FF3C
:1049E00000BF80BD80B500AF00218D20FFF7ACFF78
:1049F00000211020FFF7A8FF0021AE20FFF7A4FF41
:104A000000BF80BD80B582B000AF0023FB7114E011
:104A10000023BB710AE0BA79FB790C49D2000A4441
:104A2000134400221A70BB790133BB7197F9063029
:104A3000002BF0DAFB790133FB71FB79072BE7D907
:104A4000FFF74AFF00BF0837BD4680BD6002002067
:104A500080B485B000AF0346FB710B46BB711346B3
:104A60007B710023FB7397F90730002B41DBBB7987
:104A70003F2B3ED8BB79DB08DBB2C3F10703BB7326
:104A8000BB7903F007037B737B7BC3F10703012230
:104A900002FA03F3FB737B79002B12D0FA79BB7B0C
:104AA0001649D2000A4413441878FA79BB7BF97B83
:104AB0000143C8B21149D2000A44134402461A7095
:104AC00018E0FA79BB7B0D49D2000A4413441B78E5
:104AD0005AB297F90F30DB435BB2134059B2FA79FF
:104AE000BB7BC8B20549D2000A44134402461A707F
:104AF00000E000BF1437BD4680BC70476002002054
:104B000090B585B000AF0446084611461A462346C4
:104B1000FB710346BB710B467B7113463B71BB793E
:104B20003B737B79203B7B710023BB734DE03B796A
:104B30000C2B0BD17A79B97B284813465B001344C0
:104B40009B0003440B441B78FB7307E07A79BB7B23
:104B5000234912010A4413441B78FB7300237B731F
:104B60002DE097F90F30002B07DA97F82020B9795C
:104B7000FB791846FFF76CFF0CE097F82030002B0C
:104B80000CBF01230023DBB21A46B979FB79184622
:104B9000FFF75EFFFB7B5B00FB73BB790133BB71EF
:104BA000BA793B7BD21A3B799A4205D13B7BBB71E8
:104BB000FB790133FB7105E07B7B01337B737B7BEE
:104BC000072BCED9BB7B0133BB73BA7B3B799A42AF
:104BD000ADD300BF00BF1437BD4690BD807C000838
:104BE000F480000880B485B000AF03460A46FB712C
:104BF0001346BB710123FB6004E0FA79FB6802FBFA
:104C000003F3FB60BB795A1EBA71002BF5D1FB6828
:104C100018461437BD4680BC704790B587B002AFC8
:104C20003A601A460346FB710B46BB7113467B7113
:104C30000023BB730023FB7351E07A79FB7BD31A0B
:104C4000DBB2013BDBB219460A20FFF7CBFF02467D
:104C50003B68B3FBF2F1264BA3FB0123DA081346B2
:104C60009B0013445B00CA1A13467B73BB7B002B6B
:104C70001DD1FA7B7B79013B9A4218DA7B7B002BB2
:104C800013D197F820305B08DBB2FA7B02FB03F309
:104C9000DAB2FB791344D8B297F82030B9790122FF
:104CA00000922022FFF72CFF16E00123BB7397F838
:104CB00020305B08DBB2FA7B02FB03F3DAB2FB794C
:104CC0001344D8B27B7B3033DAB297F82030B9790D
:104CD00001240094FFF714FFFB7B0133FB73FA7B85
:104CE0007B799A42A9D300BF00BF1437BD4690BD5F
:104CF000CDCCCCCC80B584B002AF03463A60FB711A
:104D00000B46BB711FE0FB797A2B04D90023FB71A2
:104D1000BB791033BB71BB793A2B05D90023FB71EA
:104D2000FB79BB71FFF76EFE3B681A78B979F879A9
:104D3000012300930C23FFF7E3FEFB790833FB719B
:104D40003B6801333B603B681B78002BDBD100BF25
:104D500000BF0837BD4680BD90B585B000AF0446A2
:104D6000084611461A462346FB710346BB710B46A3
:104D7000BB801346FB70BB793B730023BB733BE0E6
:104D8000BA88BB7B20495201134451F82330FB738E
:104D900000237B732AE097F90F30002B06DAFA78AC
:104DA000B979FB791846FFF753FE0BE0FB78002B2F
:104DB0000CBF01230023DBB21A46B979FB791846F0
:104DC000FFF746FEFB7B5B00FB73BB790133BB71D6
:104DD000BA793B7BD31A102B05D13B7BBB71FB7996
:104DE0000133FB7105E07B7B01337B737B7B072BFE
:104DF000D1D9BB7B0133BB73BB7B1F2BC0D900BF99
:104E000000BF1437BD4690BDE486000890B585B05C
:104E100000AF0446084611461A462346FB71034676
:104E2000BB710B46BB801346FB70BB793B73002301
:104E3000BB733EE0BA88B97B22481346DB009B1A5D
:104E40009B000B4450F82330FB7300237B732AE054
:104E500097F90F30002B06DAFA78B979FB79184602
:104E6000FFF7F6FD0BE0FB78002B0CBF01230023BE
:104E7000DBB21A46B979FB791846FFF7E9FDFB7BEF
:104E80005B00FB73BB790133BB71BA793B7BD31AEF
:104E9000102B05D13B7BBB71FB790133FB7105E026
:104EA0007B7B01337B737B7B072BD1D9BB7B0133AE
:104EB000BB73BB7B1B2BBDD900BF00BF1437BD46E6
:104EC00090BD00BFE491000880B500AF4C4B9B69DA
:104ED0004B4A43F0080393614A4B1B68494A23F449
:104EE0007F0323F470431360464B1B68454A43F429
:104EF000081343F400531360414B9B69404A43F04D
:104F000004039361404B5B683F4A23F07043536056
:104F10003D4B5B683C4A43F0005353603B4B0022DF
:104F20001A606420FBF734FC384B01221A60002120
:104F3000AE20FFF709FD0021D520FFF705FD002178
:104F40005020FFF701FD0021A820FFF7FDFC002104
:104F50003F20FFF7F9FC0021D320FFF7F5FC0021EB
:104F60000020FFF7F1FC00214020FFF7EDFC0021BD
:104F70008D20FFF7E9FC00211420FFF7E5FC00215C
:104F80002020FFF7E1FC00210220FFF7DDFC0021DB
:104F9000A120FFF7D9FC0021C020FFF7D5FC00219C
:104FA000DA20FFF7D1FC00211220FFF7CDFC002111
:104FB0008120FFF7C9FC0021EF20FFF7C5FC00218D
:104FC000D920FFF7C1FC0021F120FFF7BDFC002133
:104FD000DB20FFF7B9FC00213020FFF7B5FC0021F2
:104FE000A420FFF7B1FC0021A620FFF7ADFC0021B3
:104FF000AF20FFF7A9FCFFF705FD00BF80BD00BF94
:1050000000100240000C0140000801408C81214248
:1050100080B500AF524B9B69514A43F00403936142
:10502000504B1B684F4A23F4704313604D4B1B6871
:105030004C4A23F070631360494B9B69484A43F420
:1050400000739361464BDB68454A43F40073D360B9
:10505000434BDB68424A23F40073D360404B5B68E8
:105060003F4A23F4404353603D4B5B683C4A43F462
:10507000004353603C4B5B683B4A23F07F4323F47F
:1050800070235360384B384A5B685360364B5B681B
:10509000354A23F480735360334B9B68324A23F0C4
:1050A00002039360304B9B682F4A23F46023936084
:1050B0002D4B9B682C4A43F4602393602A4B9B68DA
:1050C000294A43F480139360274B9B68264A23F4B4
:1050D00000639360244BDB6A234A23F47003D3629A
:1050E000214BDB6A204B0022DA621F4B1B691E4AF0
:1050F00023F4704313611C4B1B4A1B6913611A4B49
:105100001B69194A23F070631361174B1B69164A18
:1051100043F4E0131361144B9B68134A43F00103FB
:105120009360114B9B68104A43F00803936000BFE3
:105130000D4B9B6803F00803002BF9D10A4B9B68C9
:10514000094A43F00403936000BF074B9B6803F0D8
:105150000403002BF9D10120FBF71AFB00BF80BD2F
:1051600000100240000801400024014080B483B0D8
:1051700000AF0346FB71104B5B6B0F4A23F01F031C
:1051800053630D4B5A6BFB790B4913434B630A4B2B
:105190009B68094A43F48003936000BF064B1B6879
:1051A00003F00203002BF9D0034BDB6C9BB21846D3
:1051B0000C37BD4680BC70470024014080B582B0EA
:1051C00000AF0620FFF7D2FF0346184600F0E4FCCC
:1051D00017A3D3E9002300F049FD02460B46104611
:1051E00019464FF00002144B00F040FD02460B46FA
:1051F000104619464FF00002104B00F037FD0246F2
:105200000B46104619464FF000020D4B00F058FEB9
:1052100002460B461046194600F03AFF03467B60F3
:105220007B6818460837BD4680BD00BFAFF30080DD
:105230006666666666660A400000264000005940C1
:105240000000B04080B584B000AF03460A46FB7151
:105250001346BB710023FB600023FB720EE0FB7959
:105260001846FFF783FF03461A46FB681344FB60AA
:10527000C820FBF75FFAFB7A0133FB72FA7ABB793D
:105280009A42ECD3BB79FA68B2FBF3F39BB21846AF
:105290001037BD4680BD00BF80B400AF0B4B9B698B
:1052A0000A4A43F008039361094B5B68084A9BB2C2
:1052B0005360074B5B68064A43F0085343F40813F6
:1052C000536000BFBD4680BC704700BF0010024065
:1052D000000C014080B582B000AF03460A46FB8057
:1052E0001346BB80FFF7D8FF274BDB69264A43F004
:1052F0000203D361244B9B69234A43F00803936163
:10530000224B1B68214A23F0FF0313601F4B1B68CD
:105310001E4A43F0BB0313601D4AFB88D3621C4A3C
:10532000BB8893621A4BDB69194A43F4C043D361CB
:10533000174BDB69164A43F06003D361144BDB69FA
:10534000134A43F40063D361114BDB69104A43F005
:105350000803D3610E4B1B6A0D4A43F4805313625A
:105360000B4B1B6A0A4A43F480731362084B80227A
:105370001A60074B1B68064A43F00103136000BF25
:105380000837BD4680BD00BF00100240000C014040
:105390000004004080B483B000AF786039607B685F
:1053A000002B02DA4FF0FF3304E03B684FF4005269
:1053B0005A60002318460C37BD4680BC704780B445
:1053C00085B000AF78600B4B1B68002B02D1094BF6
:1053D000094A1A60074B1B68FB60064B1A687B681A
:1053E0001344044A1360FB6818461437BD4680BC5A
:1053F000704700BF60060020B807002080B483B06B
:1054000000AF78604FF0FF3318460C37BD4680BCC4
:10541000704780B483B000AF78604FF0FF33184618
:105420000C37BD4680BC704780B483B000AF786055
:10543000012318460C37BD4680BC704780B485B048
:1054400000AFF860B9607A60002318461437BD4693
:1054500080BC704780B483B000AF786000BEFDE7C9
:1054600080B483B000AF7860396000BF0C37BD46B0
:1054700080BC704780B400AF4FF0FF331846BD4684
:1054800080BC704780B485B000AFF860B9607A60C6
:105490004FF0FF3318461437BD4680BC704780B4C8
:1054A00085B000AFF860B9607A604FF0FF331846FE
:1054B0001437BD4680BC704780B483B000AF7860BD
:1054C00039604FF0FF3318460C37BD4680BC70473B
:1054D00080B483B000AF78604FF0FF3318460C37CC
:1054E000BD4680BC704780B483B000AF786039603F
:1054F0004FF0FF3318460C37BD4680BC704780B470
:1055000083B000AF786039604FF0FF3318460C3736
:10551000BD4680BC704780B400AF00BFBD4680BCB4
:10552000704700BF08C0000800000020BC00002039
:10553000BC000020B407002070B54FF0FF0C4CF405
:10554000E06C1CEA11541DBF1CEA135594EA0C0FC1
:1055500095EA0C0F00F0DEF82C4481EA030621EAFC
:105560004C5123EA4C5350EA013518BF52EA033537
:1055700041F4801143F4801338D0A0FB02CE4FF0E9
:105580000005E1FB02E506F00042E0FB03E54FF019
:105590000006E1FB03569CF0000F18BF4EF0010E11
:1055A000A4F1FF04B6F5007F64F5407404D25FEA0D
:1055B0004E0E6D4146EB060642EAC62141EA5551C0
:1055C0004FEAC52040EA5E504FEACE2EB4F1FD0C02
:1055D00088BFBCF5E06F1ED8BEF1004F08BF5FEA80
:1055E000500E50F1000041EB045170BD06F0004632
:1055F00046EA010140EA020081EA0301B4EB5C04DF
:10560000C2BFD4EB0C0541EA045170BD41F48011D6
:105610004FF0000E013C00F3AB8014F1360FDEBFFB
:10562000002001F0004170BDC4F10004203C35DAD7
:105630000C341BDC04F11404C4F1200500FA05F35A
:1056400020FA04F001FA05F240EA020001F00042FB
:1056500021F0004110EBD37021FA04F642EB060171
:105660005EEA430E08BF20EAD37070BDC4F10C049B
:10567000C4F1200500FA04F320FA05F001FA04F25F
:1056800040EA020001F0004110EBD37041F100014B
:105690005EEA430E08BF20EAD37070BDC4F1200556
:1056A00000FA05F24EEA020E20FA04F301FA05F2BE
:1056B00043EA020321FA04F001F0004121FA04F266
:1056C00020EA020000EBD3705EEA430E08BF20EA36
:1056D000D37070BD94F0000F0FD101F00046400070
:1056E00041EB010111F4801F08BF013CF7D041EAF2
:1056F000060195F0000F18BF704703F000465200F6
:1057000043EB030313F4801F08BF013DF7D043EAC6
:105710000603704794EA0C0F0CEA135518BF95EA7C
:105720000C0F0CD050EA410618BF52EA4306D1D103
:1057300081EA030101F000414FF0000070BD50EA22
:10574000410606BF1046194652EA430619D094EAAC
:105750000C0F02D150EA013613D195EA0C0F05D196
:1057600052EA03361CBF104619460AD181EA0301EA
:1057700001F0004141F0FE4141F470014FF00000A2
:1057800070BD41F0FE4141F4780170BD4FF0FF0C57
:105790001CEAD0521EBF1CEAD15392EA0C0F93EAC6
:1057A0000C0F6FD01A4480EA010C400218BF5FEA68
:1057B00041211ED04FF0006343EA501043EA5111DB
:1057C000A0FB01310CF00040B1F5000F3EBF4900D5
:1057D00041EAD3715B0040EA010062F17F02FD2AD9
:1057E0001DD8B3F1004F40EBC25008BF20F00100BC
:1057F000704790F0000F0CF0004C08BF49024CEAD3
:10580000502040EA51207F3AC2BFD2F1FF0340EA64
:10581000C250704740F400004FF00003013A5DDCD5
:1058200012F1190FDCBF00F000407047C2F1000216
:10583000410021FA02F1C2F1200200FA02FC5FEA03
:10584000310040F1000053EA4C0308BF20EADC704D
:10585000704792F0000F00F0004C02BF400010F4BF
:10586000000F013AF9D040EA0C0093F0000F01F06C
:10587000004C02BF490011F4000F013BF9D041EA8E
:105880000C018FE70CEAD15392EA0C0F18BF93EA90
:105890000C0F0AD030F0004C18BF31F0004CD8D1BA
:1058A00080EA010000F00040704790F0000F17BF41
:1058B00090F0004F084691F0000F91F0004F14D087
:1058C00092EA0C0F01D142020FD193EA0C0F03D1DF
:1058D0004B0218BF084608D180EA010000F00040E2
:1058E00040F0FE4040F40000704740F0FE4040F4BD
:1058F0004000704781F0004102E000BF83F00043A8
:1059000030B54FEA41044FEA430594EA050F08BF5A
:1059100090EA020F1FBF54EA000C55EA020C7FEA1E
:10592000645C7FEA655C00F0E2804FEA5454D4EB9B
:105930005555B8BF6D420CDD2C4480EA020281EA65
:10594000030382EA000083EA010180EA020281EA9D
:105950000303362D88BF30BD11F0004F4FEA0131EF
:105960004FF4801C4CEA113102D0404261EB4101FE
:1059700013F0004F4FEA03334CEA133302D0524284
:1059800063EB430394EA050F00F0A780A4F1010440
:10599000D5F1200E0DDB02FA0EFC22FA05F280187A
:1059A00041F1000103FA0EF2801843FA05F3594160
:1059B0000EE0A5F120050EF1200E012A03FA0EFCDF
:1059C00028BF4CF0020C43FA05F3C01851EBE37109
:1059D00001F0004507D54FF0000EDCF1000C7EEB26
:1059E00000006EEB0101B1F5801F1BD3B1F5001F64
:1059F0000CD349085FEA30004FEA3C0C04F1010483
:105A00004FEA445212F5800F80F09A80BCF1004FAB
:105A100008BF5FEA500C50F1000041EB045141EA2D
:105A2000050130BD5FEA4C0C404141EB0101013CF6
:105A300028BFB1F5801FE9D291F0000F04BF0146E5
:105A40000020B1FA81F308BF2033A3F10B03B3F1B7
:105A500020020CDA0C3208DD02F1140CC2F10C0247
:105A600001FA0CF021FA02F10CE002F11402D8BFA5
:105A7000C2F1200C01FA02F120FA0CFCDCBF41EA71
:105A80000C019040E41AA2BF01EB0451294330BD40
:105A90006FEA04041F3C1CDA0C340EDC04F114041D
:105AA000C4F1200220FA04F001FA02F340EA0300F4
:105AB00021FA04F345EA030130BDC4F10C04C4F13A
:105AC000200220FA02F001FA04F340EA030029461A
:105AD00030BD21FA04F0294630BD94F0000F83F464
:105AE000801306BF81F480110134013D4EE77FEA47
:105AF000645C18BF7FEA655C29D094EA050F08BF93
:105B000090EA020F05D054EA000C04BF1946104673
:105B100030BD91EA030F1EBF0021002030BD5FEAB7
:105B2000545C05D14000494128BF41F0004130BDDF
:105B300014F580043CBF01F5801130BD01F0004533
:105B400045F0FE4141F470014FF0000030BD7FEAA6
:105B5000645C1ABF194610467FEA655C1CBF0B46A1
:105B6000024650EA013406BF52EA033591EA030FB8
:105B700041F4002130BD00BF90F0000F04BF0021B0
:105B8000704730B54FF4806404F132044FF00005E3
:105B90004FF0000150E700BF90F0000F04BF00215C
:105BA000704730B54FF4806404F1320410F00045C2
:105BB00048BF40424FF000013EE700BF42004FEABD
:105BC000E2014FEA31014FEA02701FBF12F07F433A
:105BD00093F07F4F81F06051704732F07F4208BFF1
:105BE000704793F07F4F04BF41F40021704730B5F8
:105BF0004FF4607401F0004521F000411CE700BF44
:105C000050EA010208BF704730B54FF000050AE0C6
:105C100050EA010208BF704730B511F0004502D5C7
:105C2000404261EB41014FF4806404F132045FEAC9
:105C3000915C3FF4D8AE4FF003025FEADC0C18BF72
:105C400003325FEADC0C18BF033202EBDC02C2F164
:105C5000200300FA03FC20FA02F001FA03FE40EAF6
:105C60000E0021FA02F11444BDE600BF70B54FF0FA
:105C7000FF0C4CF4E06C1CEA11541DBF1CEA1355D8
:105C800094EA0C0F95EA0C0F00F0DEF82C4481EA40
:105C9000030621EA4C5123EA4C5350EA013518BF60
:105CA00052EA033541F4801143F4801338D0A0FB4D
:105CB00002CE4FF00005E1FB02E506F00042E0FBFA
:105CC00003E54FF00006E1FB03569CF0000F18BF00
:105CD0004EF0010EA4F1FF04B6F5007F64F54074A8
:105CE00004D25FEA4E0E6D4146EB060642EAC6213B
:105CF00041EA55514FEAC52040EA5E504FEACE2EA8
:105D0000B4F1FD0C88BFBCF5E06F1ED8BEF1004FAA
:105D100008BF5FEA500E50F1000041EB045170BD26
:105D200006F0004646EA010140EA020081EA03016A
:105D3000B4EB5C04C2BFD4EB0C0541EA045170BD66
:105D400041F480114FF0000E013C00F3AB8014F1E0
:105D5000360FDEBF002001F0004170BDC4F1000429
:105D6000203C35DA0C341BDC04F11404C4F12005AA
:105D700000FA05F320FA04F001FA05F240EA020005
:105D800001F0004221F0004110EBD37021FA04F63B
:105D900042EB06015EEA430E08BF20EAD37070BDF5
:105DA000C4F10C04C4F1200500FA04F320FA05F054
:105DB00001FA04F240EA020001F0004110EBD37056
:105DC00041F100015EEA430E08BF20EAD37070BDC6
:105DD000C4F1200500FA05F24EEA020E20FA04F39F
:105DE00001FA05F243EA020321FA04F001F000414E
:105DF00021FA04F220EA020000EBD3705EEA430EBF
:105E000008BF20EAD37070BD94F0000F0FD101F0ED
:105E10000046400041EB010111F4801F08BF013C26
:105E2000F7D041EA060195F0000F18BF704703F064
:105E30000046520043EB030313F4801F08BF013DEB
:105E4000F7D043EA0603704794EA0C0F0CEA1355A7
:105E500018BF95EA0C0F0CD050EA410618BF52EA61
:105E60004306D1D181EA030101F000414FF0000067
:105E700070BD50EA410606BF1046194652EA430675
:105E800019D094EA0C0F02D150EA013613D195EAE9
:105E90000C0F05D152EA03361CBF104619460AD131
:105EA00081EA030101F0004141F0FE4141F470013B
:105EB0004FF0000070BD41F0FE4141F4780170BD2B
:105EC00070B54FF0FF0C4CF4E06C1CEA11541DBF90
:105ED0001CEA135594EA0C0F95EA0C0F00F0A7F892
:105EE000A4EB050481EA030E52EA03354FEA0131BF
:105EF00000F088804FEA03334FF0805545EA1313D2
:105F000043EA12634FEA022245EA111545EA106599
:105F10004FEA00260EF000419D4208BF964244F130
:105F2000FD0404F5407402D25B084FEA3202B61A4F
:105F300065EB03055B084FEA32024FF480104FF423
:105F4000002CB6EB020E75EB030E22BFB61A754697
:105F500040EA0C005B084FEA3202B6EB020E75EB2A
:105F6000030E22BFB61A754640EA5C005B084FEA92
:105F70003202B6EB020E75EB030E22BFB61A75465F
:105F800040EA9C005B084FEA3202B6EB020E75EB6A
:105F9000030E22BFB61A754640EADC0055EA060E2B
:105FA00018D04FEA051545EA16754FEA06164FEA6E
:105FB000C30343EA52734FEAC2025FEA1C1CC0D11A
:105FC00011F4801F0BD141EA00014FF000004FF0A7
:105FD000004CB6E711F4801F04BF01430020B4F168
:105FE000FD0C88BFBCF5E06F3FF6AFAEB5EB030C20
:105FF00004BFB6EB020C5FEA500C50F1000041EB1D
:10600000045170BD0EF0004E4EEA113114EB5C04E9
:10601000C2BFD4EB0C0541EA045170BD41F48011BC
:106020004FF0000E013C90E645EA060E8DE60CEAC4
:10603000135594EA0C0F08BF95EA0C0F3FF43BAFE1
:1060400094EA0C0F0AD150EA01347FF434AF95EA98
:106050000C0F7FF425AF104619462CE795EA0C0F7C
:1060600006D152EA03353FF4FDAE1046194622E749
:1060700050EA410618BF52EA43067FF4C5AE50EA23
:1060800041047FF40DAF52EA43057FF4EBAE12E713
:106090004FEA410212F5001215D211D56FF4787350
:1060A000B3EB625212D94FEAC12343F0004343EAF3
:1060B000505311F0004F23FA02F018BF40427047CE
:1060C0004FF00000704750EA013005D111F0004058
:1060D00008BF6FF0004070474FF00000704700BFEE
:1060E0004FEA4102B2F1E04324BFB3F5001CDCF1FA
:1060F000FE5C0DD901F0004C4FEAC0024CEA507032
:10610000B2F1004F40EB830008BF20F00100704760
:1061100011F0804F21D113F13872BCBF01F0004063
:10612000704741F480114FEA5252C2F11802C2F195
:10613000200C10FA0CF320FA02F018BF40F0010016
:106140004FEAC1234FEAD32303FA0CFC40EA0C00C8
:1061500023FA02F34FEA4303CCE77FEA625307D105
:1061600050EA01331EBF4FF0FE4040F4400070473C
:1061700001F0004040F0FE4040F40000704700BFD6
:1061800080F0004002E000BF81F0004142001FBFEC
:106190005FEA410392EA030F7FEA226C7FEA236CF5
:1061A0006AD04FEA1262D2EB1363C1BFD2184140EA
:1061B00048404140B8BF5B42192B88BF704710F080
:1061C000004F40F4000020F07F4018BF404211F023
:1061D000004F41F4000121F07F4118BF494292EA8B
:1061E000030F3FD0A2F1010241FA03FC10EB0C00B7
:1061F000C3F1200301FA03F100F0004302D5494244
:1062000060EB4000B0F5000F13D3B0F1807F06D3F0
:1062100040084FEA310102F10102FE2A51D2B1F1E8
:10622000004F40EBC25008BF20F0010040EA0300DD
:106230007047490040EB0000013A28BFB0F5000F5D
:10624000EDD2B0FA80FCACF1080CB2EB0C0200FA13
:106250000CF0AABF00EBC25052421843BCBFD04062
:106260001843704792F0000F81F4000106BF80F4DC
:1062700000000132013BB5E74FEA41037FEA226C9F
:1062800018BF7FEA236C21D092EA030F04D092F06A
:10629000000F08BF0846704790EA010F1CBF00209E
:1062A000704712F07F4F04D1400028BF40F00040FB
:1062B000704712F100723CBF00F50000704700F01B
:1062C000004343F0FE4040F4000070477FEA226242
:1062D00016BF08467FEA23630146420206BF5FEA13
:1062E000412390EA010F40F4800070474FF0000313
:1062F00004E000BF10F0004348BF40425FEA000CDA
:1063000008BF704743F0964301464FF000001CE081
:1063100050EA010208BF70474FF000030AE000BFD7
:1063200050EA010208BF704711F0004302D5404215
:1063300061EB41015FEA010C02BF84460146002087
:1063400043F0B64308BFA3F18053A3F50003BCFAA2
:106350008CF2083AA3EBC25310DB01FA02FC63444F
:1063600000FA02FCC2F12002BCF1004F20FA02F256
:1063700043EB020008BF20F00100704702F1200249
:1063800001FA02FCC2F1200250EA4C0021FA02F2AA
:1063900043EB020008BF20EADC7070474FF0FF0CAF
:1063A0001CEAD0521EBF1CEAD15392EA0C0F93EAAA
:1063B0000C0F6FD01A4480EA010C400218BF5FEA4C
:1063C00041211ED04FF0006343EA501043EA5111BF
:1063D000A0FB01310CF00040B1F5000F3EBF4900B9
:1063E00041EAD3715B0040EA010062F17F02FD2ABD
:1063F0001DD8B3F1004F40EBC25008BF20F00100A0
:10640000704790F0000F0CF0004C08BF49024CEAB6
:10641000502040EA51207F3AC2BFD2F1FF0340EA48
:10642000C250704740F400004FF00003013A5DDCB9
:1064300012F1190FDCBF00F000407047C2F10002FA
:10644000410021FA02F1C2F1200200FA02FC5FEAE7
:10645000310040F1000053EA4C0308BF20EADC7031
:10646000704792F0000F00F0004C02BF400010F4A3
:10647000000F013AF9D040EA0C0093F0000F01F050
:10648000004C02BF490011F4000F013BF9D041EA72
:106490000C018FE70CEAD15392EA0C0F18BF93EA74
:1064A0000C0F0AD030F0004C18BF31F0004CD8D19E
:1064B00080EA010000F00040704790F0000F17BF25
:1064C00090F0004F084691F0000F91F0004F14D06B
:1064D00092EA0C0F01D142020FD193EA0C0F03D1C3
:1064E0004B0218BF084608D180EA010000F00040C6
:1064F00040F0FE4040F40000704740F0FE4040F4A1
:10650000400070474FF0FF0C1CEAD0521EBF1CEA3F
:10651000D15392EA0C0F93EA0C0F69D0A2EB03025D
:1065200080EA010C49024FEA402037D04FF08053F7
:1065300043EA111143EA10130CF000408B4238BFBC
:106540005B0042F17D024FF4000C8B4224BF5B1ACA
:1065500040EA0C00B3EB510F24BFA3EB510340EA18
:106560005C00B3EB910F24BFA3EB910340EA9C00C6
:10657000B3EBD10F24BFA3EBD10340EADC001B0136
:1065800018BF5FEA1C1CE0D1FD2A3FF650AF8B42DA
:1065900040EBC25008BF20F0010070470CF0004CE7
:1065A0004CEA50207F32C2BFD2F1FF0340EAC25012
:1065B000704740F400004FF00003013A37E792F0D3
:1065C000000F00F0004C02BF400010F4000F013A31
:1065D000F9D040EA0C0093F0000F01F0004C02BF2C
:1065E000490011F4000F013BF9D041EA0C0195E795
:1065F0000CEAD15392EA0C0F08D142027FF47DAF2E
:1066000093EA0C0F7FF470AF084676E793EA0C0F1D
:1066100004D14B023FF44CAF08466EE730F0004C1B
:1066200018BF31F0004CCAD130F000427FF45CAFAB
:1066300031F000437FF43CAF5FE700BF4FF0FF3C19
:1066400006E000BF4FF0010C02E000BF4FF0010C6C
:106650004DF804CD4FEA40024FEA41037FEA226C35
:1066600018BF7FEA236C11D001B052EA530C18BF57
:1066700090EA010F58BFB2EB030088BFC81738BFBC
:106680006FEAE17018BF40F0010070477FEA226CAA
:1066900002D15FEA402C05D17FEA236CE4D15FEAA6
:1066A000412CE1D05DF8040B704700BF84460846DA
:1066B0006146FFE70FB5FFF7C9FF002848BF10F19B
:1066C000000F0FBD4DF808EDFFF7F4FF0CBF0120E0
:1066D00000205DF808FB00BF4DF808EDFFF7EAFF6A
:1066E00034BF012000205DF808FB00BF4DF808ED25
:1066F000FFF7E0FF94BF012000205DF808FB00BF1A
:106700004DF808EDFFF7D2FF94BF012000205DF89F
:1067100008FB00BF4DF808EDFFF7C8FF34BF0120AC
:1067200000205DF808FB00BF4FEA4002B2F1FE4FC7
:106730000FD34FF09E03B3EB12620DD94FEA002343
:1067400043F0004310F0004F23FA02F018BF40421C
:1067500070474FF00000704712F1610F01D1420203
:1067600005D110F0004008BF6FF0004070474FF0B7
:106770000000704742000ED2B2F1FE4F0BD34FF033
:106780009E03B3EB126209D44FEA002343F00043A7
:1067900023FA02F070474FF00000704712F1610FCA
:1067A00001D1420202D14FF0FF3070474FF000009C
:1067B000704700BFF9F7ACFC0B480C490C4A0023AA
:1067C00002E0D458C4500433C4188C42F9D3094AA7
:1067D000094C002301E013600432A242FBD300F015
:1067E0000FF8F9F79BFC704700000020BC00002068
:1067F00008C00008BC000020B4070020FEE700002D
:1068000070B500260C4D0D4C641BA410A64209D196
:10681000FEF781FE00260A4D0A4C641BA410A64216
:1068200005D170BD55F8043B98470136EEE755F8A1
:10683000043B98470136F2E708C0000808C000088A
:1068400008C0000808C000080EB403B503AB53F835
:10685000042B8168019300F04BF802B05DF804EB63
:1068600003B070470FB407B5064904AB086853F886
:10687000042B8168019300F03BF803B05DF804EB52
:1068800004B0704760000020936810B4013B002BF7
:10689000936007DA9469A34201DB0A2902D110BC94
:1068A00000F046BE1368581C10601970084610BCF2
:1068B0007047F8B506460F461446D518AC4201D1CC
:1068C000002007E03A46304614F8011BFFF7DCFFD2
:1068D000431CF3D1F8BD936810B5144633B100F0F2
:1068E000BDFC0023A3600023636010BD1846FAE7D7
:1068F0002DE9F04F0D461446984606469DB018B156
:10690000036A0BB900F00CFC6B6ED90705D4AB8998
:106910009A0502D4A86D00F068F9AB891B0701D570
:106920002B699BB92946304600F004F970B16B6EB3
:10693000DC0704D54FF0FF301DB0BDE8F08FAB8908
:106940009805F7D4A86D00F056F9F3E700230993F2
:1069500020238DF8293030234FF00109CDF80C8029
:10696000DFF8A8818DF82A3023469A4613F8012BC8
:106970000AB1252AF9D1BAEB040B0BD05B462246AB
:1069800029463046FFF795FF013000F0A780099AAD
:106990005A4409929AF80030002B00F09F8000239F
:1069A0004FF0FF32CDE905230AF1010A0493079362
:1069B0008DF853301A935446052214F8011B53489E
:1069C00000F0AAFA049AD8B9D10644BF20238DF862
:1069D0005330130744BF2B238DF853309AF80030FF
:1069E0002A2B15D0544600204FF00A0C079A214656
:1069F00011F8013B303B092B4BD9B0B1079214E0A1
:106A0000A0EB080309FA03F31343A2460493D2E769
:106A1000039B191D1B680391002BBBBF5B4242F017
:106A2000020207930793B8BF049223782E2B0AD152
:106A300063782A2B32D1039B02341A1D1B68039200
:106A400043EAE3730593DFF8C8A003225046217898
:106A500000F062FA38B14022049BA0EB0A008240A9
:106A600013430134049314F8011B062229488DF8BE
:106A7000281000F051FA00283FD0274B1BBB039B86
:106A8000073323F0070308330393099B3B4409931F
:106A90006AE70C4601200CFB0232A8E700234FF006
:106AA0000A0C194601340593204610F8012B303AA0
:106AB000092A03D9002BC6D00591C4E70446012357
:106AC0000CFB0121F0E703AB00932A463046134B41
:106AD00004A9AFF300800746781CD6D16B6ED907A6
:106AE00005D4AB899A0502D4A86D00F084F8AB896F
:106AF0005B063FF51FAF09981EE703AB00932A46DC
:106B00003046064B04A900F0E9F8E4E7D4BF0008DA
:106B1000DABF0008DEBF000800000000B36800080C
:106B200013460A46014602480068FFF7E1BE00BF6F
:106B30006000002038B5294B054618680C4618B18E
:106B4000036A0BB900F0ECFAB4F90C30190722D43F
:106B5000DA0607D409222A6043F040034FF0FF30E1
:106B6000A38133E0580712D5616B41B104F14403AE
:106B7000994202D0284600F04FFD00236363A389A9
:106B800023F02403A3810023636023692360A38986
:106B900043F00803A38123694BB9A38903F420734D
:106BA000B3F5007F03D02146284600F0B4FDB4F9C8
:106BB0000C3013F001020AD00022A2606269524236
:106BC000A261226942B913F08000C5D138BD99078E
:106BD00058BF6269A260F4E70020F7E76000002078
:106BE0007047704770477047704770470120704783
:106BF00001207047704770472DE9F04716469846C8
:106C00008A680B6907469342B8BF1346336091F810
:106C100043200C46DDF820900AB10133336023682D
:106C2000990642BF336802333360256815F00605C4
:106C300006D104F1190AE36832689B1AAB422BDCD7
:106C400094F843302268003B18BF0123920630D4E9
:106C50004146384604F14302C847013023D0236837
:106C6000226903F00603042B14BF002533684FF09C
:106C7000000608BFE56804F11A0408BFED1A54F8CD
:106C8000123C08BF25EAE5759342C4BF9B1AED1874
:106C9000B5421AD1002008E0012352464146384649
:106CA000C847013003D14FF0FF30BDE8F087013510
:106CB000C1E73020E11881F843005A1C94F84510D0
:106CC0002244023382F84310C2E7012322464146A0
:106CD0003846C8470130E6D00136D9E72DE9FF47ED
:106CE0000F7E9146782F80460C469A460C9E01F105
:106CF000430207D8622F0AD8002F00F0D180582F06
:106D000000F0B88004F1420684F842703AE0A7F13E
:106D10006303152BF6D801A151F823F0756D000817
:106D2000896D0008056D0008056D0008056D0008F7
:106D3000056D0008896D0008056D0008056D0008E7
:106D4000056D0008056D0008876E0008B36D00082A
:106D5000416E0008056D0008056D0008A96E000869
:106D6000056D0008B36D0008056D0008056D00088D
:106D7000496E000833681A1D1B68326004F1420630
:106D800084F8423001239CE033682068191D31608B
:106D9000060601D51D6803E04506FBD5B3F9005092
:106DA000002D03DA2D236D4284F843300A2358481E
:106DB00011E021683368080653F8045B02D44906E1
:106DC00048BFADB26F2F336014BF0A230823504869
:106DD000002184F843106668002EA66005DB216858
:106DE0002E4321F0040121604BD01646B5FBF3F190
:106DF00003FB1157C75D06F8017D2F46BB420D46C8
:106E0000F4D9082B0BD12368DF0708D52369616803
:106E10009942DEBF302306F8013C06F1FF36921B93
:106E200022614B4621464046CDF800A003AAFFF759
:106E3000E3FE01304AD14FF0FF3004B0BDE8F087E7
:106E4000236843F0200323607827324884F8457094
:106E5000236831681F0651F8045B02D45F0648BFFF
:106E6000ADB23160D90744BF43F0200323601DB1A8
:106E70001023ADE72648E9E7236823F020032360C9
:106E8000F6E71646BDE733682568181D616930606E
:106E90002E061B6801D5196002E06806FBD5198033
:106EA000002316462361BCE7336800211A1D3260B7
:106EB0001E686268304600F02FF808B1801B6060E1
:106EC00063682361002384F84330AAE732464946C9
:106ED00040462369D0470130ADD023689B0713D4C7
:106EE000E068039B9842B8BF1846A6E701233246E4
:106EF00049464046D04701309DD00135E3680399AB
:106F00005B1AAB42F2DCEBE7002504F11906F5E76A
:106F1000E5BF0008F6BF0008034610B5C9B2024439
:106F20009342184601D1002003E0047801338C42DB
:106F3000F6D110BD002310B50446C0E90033C0E906
:106F40000433836081814366C281836119460822CC
:106F50005C3000F036FC0D4B246263620C4BA36284
:106F60000C4BE3620C4B23630C4B9C4206D003F1A9
:106F70006802944202D0D0339C4205D104F15800FB
:106F8000BDE81040FFF72DBE10BD00BF897100089D
:106F9000AF710008E77100080B7200086C06002052
:106FA000024A0349034800F0A5BA00BFB000002020
:106FB000D57800086400002041680C4B10B5994258
:106FC000044601D000F086FCA168094B994202D02A
:106FD000204600F07FFCE168064B994204D0204631
:106FE000BDE8104000F076BC10BD00BF6C0600206C
:106FF000D40600203C07002008B54B6EDA0705D404
:107000008B899B0502D4886DFFF7EFFD002008BD3A
:1070100008B54B6EDA0705D48B899B0502D4886DC1
:10702000FFF7E9FD002008BD10B50B4B0B4C0C4AD7
:1070300020461A6004210022FFF77CFF04F168005B
:1070400001220921FFF776FF04F1D0000222BDE8FA
:1070500010401221FFF76EBFA40700206C0600202D
:10706000A16F00080148FFF7C0BD00BF6B060020FC
:107070000148FFF7C0BD00BF6B060020F8B507460A
:10708000FFF7F0FF234B1B680BB9FFF7CDFF224E34
:10709000D6E90134013B0FD53568002D37D14FF4C7
:1070A000D671384600F074FC044628BB3060FFF708
:1070B000DFFF0C233B601BE0B4F90C50D5B9174B34
:1070C00004F15800E3606566FFF78BFDFFF7D0FF22
:1070D00008222946C4E90155C4E904552560A56183
:1070E00004F15C0000F06DFBC4E90D55C4E91255D4
:1070F0002046F8BD6834CDE70423056043600C30BA
:107100004FF4D0722946A06000F05BFB3460366813
:10711000BEE700BFA4070020B00000200100FFFF71
:1071200010B50446FFF79EFF236A1BB1BDE810406F
:10713000FFF79EBF044B2362044B1B68002BF5D165
:10714000FFF772FFF2E700BFB96F0008A407002045
:1071500008B5FFF787FFBDE808400020014A024953
:1071600000F0C8B9B0000020F96F000808B5002091
:10717000034A044900F0BEF9BDE80840FFF778BFB4
:10718000B00000201170000810B50C46B1F90E10C7
:1071900000F052F80028ABBF636DA3891B1823F4DD
:1071A0008053ACBF6365A38110BD002070472DE9FB
:1071B000F0411F468B890546DB050C46164605D572
:1071C00002230022B1F90E1000F024F8A389324600
:1071D00023F48053A38128463B46B4F90E10BDE842
:1071E000F04100F061BA10B50C46B1F90E1000F094
:1071F00011F8431CA38915BF606523F4805343F441
:107200008053A38118BFA38110BDB1F90E1000F007
:107210003FBC000038B50446084611460022054D23
:107220002A601A46FEF70AF9431C02D12B6803B103
:10723000236038BDB007002038B504460846114623
:107240000022054D2A601A46FEF729F9431C02D197
:107250002B6803B1236038BDB007002093682DE987
:10726000F74F06460C4691461BB9002003B0BDE817
:10727000F08F8B89180750D50B69002B4DD0B4F9CE
:107280000C30D9F8008013F002076BD113F0010322
:1072900000F09C803846BA46BB46BBF1000F00F0B8
:1072A000038150B95A460A215046FFF735FE00289F
:1072B00000F000810130A0EB0A07206821695F45DA
:1072C0003A4628BF5A468842A568636940F2F5806D
:1072D0001D44AA4240F3F18051462A4600F057FA75
:1072E000236821462B443046236000F0F3FA00283F
:1072F00067D17F1B40F0F9802146304600F0EAFA62
:1073000000285ED1D9F80830AA445B1BABEB050B13
:10731000C9F80830002BC0D1A7E721463046FFF757
:1073200009FC0028ABD04FF0FF309FE7D8E900A55B
:1073300008F10808D4F828B0216A002DF6D0BD4223
:107340002B46524628BF3B463046D847002838DDFA
:10735000D9F8083082441B1A2D1AC9F80830002BBE
:10736000E8D182E74FF0000A614F5546E2E7D8E9DD
:10737000007A08F10808B4F90C302068A268BAF164
:10738000000FF4D0990563D5524536D813F4906FA9
:1073900033D021696569A0EB010B05EB450505EBD1
:1073A000D5750BF101026D105244954238BF154658
:1073B0005B053DD52946304600F0EAFA48B90C2372
:1073C0003360A38943F04003A381ACE71F469A468C
:1073D000D1E75A462169019000F0DAFBA289019BAE
:1073E00022F4906242F08002A281524623616561DC
:1073F0005B44A5EB0B052360A560524528BF5246B0
:10740000554639462068019200F0C1F9A368019AF7
:107410009B1AA360236813442360D9F808302F44D3
:107420005B1BAAEB050AC9F80830002BA3D11CE7A7
:107430002A46304600F0C2F803460028D5D130462F
:10744000216900F0E9F8A38923F08003A381B6E75E
:107450002369834202D36169514515D9524528BF3A
:1074600052461546394600F092F9A36822685B1B24
:107470002A44A3602260002BCFD12146304600F081
:1074800029FA0028C9D09CE76FF00043534528BF74
:10749000534693FBF1F3A56A4B433A463046216AC3
:1074A000A847051EB9DC8CE7D8E900AB002008F13D
:1074B0000808F2E60BF10107FFE6934208DCA56A33
:1074C00052463046216AA847051E3FF712AF78E7BB
:1074D0005146019200F05BF9019AA36815469B1A88
:1074E000A36023681344236003E701200AE700BF79
:1074F00000FCFF7F2DE9F843074688461446002626
:10750000D4E90195B9F1010905D52468002CF7D11A
:107510003046BDE8F883AB89012B07D9B5F90E30A9
:10752000013303D029463846C04706436835E9E7AA
:10753000F8B50E461446054618B1036A0BB9FFF7B5
:10754000EFFDA369A360A3891A0701D5236943B995
:1075500021462846FFF7EEFA18B14FF0FF373846BC
:10756000F8BD23682269F6B2981A636937468342E8
:1075700005DC2146284600F0ADF90028EDD1A368CE
:10758000013BA36023685A1C22601E706269431C81
:107590009A4204D0A389DB07E1D50A2EDFD1214628
:1075A000284600F097F90028D9D0D6E7024B0A46C2
:1075B00001461868FFF7BCBF600000202DE9F041CC
:1075C000074614460D4621B91146BDE8F04100F0CA
:1075D000DFB92AB900F020F825462846BDE8F08139
:1075E00000F0F0FA8442064602D8B4EB500FF4D80B
:1075F0002146384600F0CCF9804608B94546ECE70C
:10760000B4422246294628BF324600F0C1FA294634
:10761000384600F001F8F1E738B50546002940D0BA
:1076200051F8043C0C1F002BB8BFE41800F0BEFA60
:107630001C4A136833B9636014602846BDE83840BB
:1076400000F0BABAA34208D9206821188B4201BFC2
:1076500019685B6809182160EDE71A465B680BB191
:10766000A342FAD911685018A0420BD120680144F6
:10767000501883421160E0D118685B6808441060BC
:107680005360DAE702D90C232B60D6E72068211873
:107690008B4201BF19685B68091821606360546000
:1076A000CBE738BDAC07002038B504460846114684
:1076B0000022054D2A601A46FDF7E4FE431C02D164
:1076C0002B6803B1236038BDB007002070B50C46AD
:1076D000B1F90E10154600291E4696B00CDAA389A2
:1076E000002113F0800F14BF40234FF4806300206B
:1076F00031602B6016B070BD6A4600F037FA002882
:10770000EDDB019901F47041A1F500535942594153
:107710004FF48063EBE78B89F7B59D0706460C466F
:1077200007D504F14703236023610123636103B09C
:10773000F0BD6A4601ABFFF7C9FF009F0546394619
:10774000304600F025F948B9B4F90C309A05EED46A
:1077500023F0030343F00203A381E2E7A389C4E912
:10776000040743F08003A381019B20605BB1304696
:10777000B4F90E1000F02EFA28B1A38923F0030308
:1077800043F00103A381A3891D43A581CFE788426C
:1077900010B501EB020402D98442234607D8431EE8
:1077A000A14208D011F8012B03F8012FF8E7014698
:1077B00002448A4200D110BD13F8014D02F8014D78
:1077C000F7E703460244934200D1704703F8011BD8
:1077D000F9E70000B1F90C20F8B5160705460C468C
:1077E00054D44B68002B02DC0B6C002B48DDE66A9E
:1077F000002E45D0002312F480522F68216A2B609E
:1078000030D0626DA389590705D56368D21A636BBE
:107810000BB1236CD21A00232846E66A216AB047CE
:10782000431CA38906D129681D292BD8284ACA40A0
:10783000D60727D5002262602269D904226004D5C8
:10784000421C01D12B6803B96065616B2F60B9B12F
:1078500004F14403994202D02846FFF7DDFE0023DD
:1078600063630DE001232846B0470246501CC9D18E
:107870002B68002BC6D01D2B01D0162B1DD12F60DD
:10788000002021E043F040031BB21AE00F69002FF3
:10789000F6D0930718BF00230E6808BF4B69F61B8C
:1078A0000F608B60002EEBDD33463A462846216A96
:1078B000D4F828C0E047002807DCB4F90C3043F0C6
:1078C00040034FF0FF30A381F8BD0744361AE9E7C3
:1078D0000100402038B50B6905460C4613B9002558
:1078E000284638BD18B1036A0BB9FFF719FCB4F983
:1078F0000C30002BF3D0626ED00704D4990502D46B
:10790000A06DFFF772F928462146FFF763FF636E0B
:107910000546DA07E4D4A3899B05E1D4A06DFFF7FF
:107920006AF9DDE7014620B9044A05490548FFF731
:10793000E1BD054B1868FFF7CDBF00BFB0000020C8
:10794000D5780008640000206000002070B50F4E5C
:107950000C463168054611B900F04CF930602146FB
:10796000284600F047F9431C03D14FF0FF3420466E
:1079700070BDC41C24F00304A042F8D0211A28468C
:1079800000F038F90130F2D1EFE700BFA80700207E
:107990002DE9F843CD1C25F0030508350C2D38BF23
:1079A0000C25002D064601DBA94204D90C233360C7
:1079B0000020BDE8F883DFF8D48000F0F7F8D8F8AD
:1079C00000301C4644BB29463046FFF7BFFF431C2E
:1079D000044658D1D8F800402746002F43D1002C48
:1079E0004BD023683946304604EB030900F002F916
:1079F000814542D1216830466D1A2946FFF7A6FF1E
:107A000001303AD023682B442360D8F800305A68FC
:107A100062BBC8F800700FE02268521B20D40B2A0A
:107A200017D96119A342256018BF5960636808BF60
:107A3000C8F8001062514B60304600F0BDF804F108
:107A40000B00231D20F00700C21A1CBF1B1AA350F5
:107A5000AFE76268A3420CBFC8F800205A60EBE7AA
:107A600023466468AEE73C467F68B6E71A465B6823
:107A7000A342FBD100235360DEE70C233046336082
:107A800000F09AF894E70560D6E700BFAC07002045
:107A900038B50023054D044608462B60FDF7B9FCB8
:107AA000431C02D12B6803B1236038BDB00700200E
:107AB0002D4B70B51B680446834253D0C3691BB37A
:107AC000DB6863B10025E369DB685959B1B9043556
:107AD000802DF8D1E3692046D968FFF79DFDE36961
:107AE000196811B12046FFF797FDE3699D685DB104
:107AF000294620462D68FFF78FFDF8E70E682046DF
:107B0000FFF78AFD3146E1E7616911B12046FFF7D1
:107B100083FDE16911B12046FFF77EFD216B11B1B4
:107B20002046FFF779FD616B11B12046FFF774FD28
:107B3000A16B11B12046FFF76FFDA16C11B120467A
:107B4000FFF76AFD616C11B12046FFF765FDE16A40
:107B500011B12046FFF760FD236A1BB12046BDE846
:107B60007040184770BD00BF6000002038B500238A
:107B7000064D0446084611462B60FDF70BFC431CDE
:107B800002D12B6803B1236038BD00BFB0070020CD
:107B90000A44914200F1FF3300D1704710B511F84B
:107BA000014B914203F8014FF9D110BD0148FFF795
:107BB0001CB800BF680600200148FFF71CB800BFD2
:107BC0006806002051F8043C181F002BBCBF0B585E
:107BD000C018704738B50023054D044608462B6091
:107BE000FDF722FC431C02D12B6803B1236038BD92
:107BF000B007002038B50023054D044608462B6029
:107C0000FDF7DDFB431C02D12B6803B1236038BDB7
:047C1000B007002099
:107C1400422D4B50000000002E000000413A0000AD
:107C2400422D4B4400000000502D4B50000000003A
:107C3400502D4B4400000000543A0000564F4C3A7B
:107C44000000000056000000503A00004144433A4E
:107C540000000000344310100100000034431010F1
:107C640001000000A5A5A5A5A500000032344C30F4
:107C74003120526561647921000000000000000099
:107C84000000000000000000000000003F40000071
:107C94000000000000003000400030004000000000
:107CA40009000BC03D000BC03D00090018C0244072
:107CB4007FE0224031800000180024C01B000D80AA
:107CC4003240018003801C4027401C800740004054
:107CD4001000600000000000000000000000000030
:107CE40000001F80204040200000402020401F80D2
:107CF40000000000090006001F80060009000000C3
:107D0400040004003F800400040000000010006030
:107D1400000000000000000004000400040004004F
:107D2400040000000000004000000000000000000B
:107D3400002001C006003800400000001F802040E1
:107D4400204020401F800000000010403FC0004041
:107D54000000000018C021402240244018400000C8
:107D640010802040244024401B80000002000D00AD
:107D740011003FC0014000003C80244024402440C6
:107D8400238000001F8024402440344003800000EE
:107D94003000200027C03800200000001B80244051
:107DA400244024401B8000001C0022C022402240AA
:107DB4001F800000000000000840000000000000D8
:107DC4000000000004600000000000000000040047
:107DD4000A00110020804040090009000900090040
:107DE4000900000000004040208011000A00040047
:107DF4001800200023402400180000001F802040A9
:107E0400274029401F400000004007C039000F00F0
:107E140001C0004020403FC0244024401B8000009B
:107E24001F802040204020403080000020403FC080
:107E3400204020401F80000020403FC024402E40AE
:107E440030C0000020403FC024402E00300000001D
:107E54000F001080204022403380020020403FC0A9
:107E6400040004003FC02040204020403FC0204088
:107E7400204000000060202020203FC0200020007F
:107E840020403FC024400B0030C0204020403FC071
:107E940020400040004000C03FC03C0003C03C0004
:107EA4003FC0000020403FC00C4023003FC02000E2
:107EB4001F802040204020401F80000020403FC001
:107EC40024402400180000001F802140214020E0AD
:107ED4001FA0000020403FC02440260019C00040DD
:107EE40018C024402440224031800000300020404B
:107EF4003FC020403000000020003F800040004090
:107F04003F80200020003E0001C007003800200010
:107F1400380007C03C0007C038000000204039C0CA
:107F2400060039C0204000002000384007C0384017
:107F340020000000304021C02640384020C000000E
:107F4400000000007FE0402040200000000070009E
:107F54000C000380004000000000402040207FE02F
:107F6400000000000000200040002000000000008D
:107F7400001000100010001000100010000000009D
:107F840040000000000000000000028005400540A1
:107F940003C0004020003FC00440044003800000B0
:107FA40000000380044004400640000000000380F9
:107FB400044024403FC000400000038005400540C9
:107FC40003400000000004401FC02440244020005F
:107FD400000002E0055005500650042020403FC038
:107FE4000440040003C000400000044027C00040D7
:107FF4000000000000100010041027E00000000042
:1080040020403FC00140070004C0044020402040FD
:108014003FC000400040000007C0040007C0040047
:1080240003C00000044007C00440040003C0004033
:10803400000003800440044003800000041007F0A3
:1080440004500440038000000000038004400450F6
:1080540007F00010044007C00240040004000000C0
:10806400000006400540054004C000000000040074
:108074001F800440004000000400078000400440CA
:1080840007C000400400070004C00180060004008B
:10809400060001C0070001C006000000044006C03D
:1080A400010006C0044000000410071004E0018031
:1080B400060004000000044005C00640044000001F
:1080C4000000000004007BE04020000000000000ED
:1080D4000000FFF000000000000040207BE00400EE
:1080E400000000004000800040002000200040000C
:1080F400000000000000000000000000000000007C
:108104000000000000001FCC000C00000000000074
:10811400000008003000600008003000600000002B
:10812400022003FC1E20022003FC1E20022000006B
:1081340000000E1811043FFF10840C7800000000AA
:108144000F0010840F3800C00778188400780000EE
:1081540000780F8410C411240E9800E400840008F1
:10816400080068007000000000000000000000002B
:1081740000000000000007E018182004400200007E
:10818400000040022004181807E00000000000006E
:108194000240024001800FF00180024002400000D2
:1081A4000080008000800FF80080008000800000C4
:1081B4000001000D000E000000000000000000009F
:1081C400000000800080008000800080008000802B
:1081D4000000000C000C0000000000000000000083
:1081E400000000060018006001800600180020004E
:1081F400000007F0080810041004080807F0000045
:108204000000080408041FFC00040004000000002F
:1082140000000E0C10141024104411840E0C0000E5
:1082240000000C1810041104110412880C700000D2
:10823400000000E00320042408241FFC00240000A4
:1082440000001F981084110411041088107000009D
:10825400000007F008881104110418880070000059
:1082640000001C00100010FC13001C001000000093
:1082740000000E3811441084108411440E3800009C
:1082840000000700088C10441044088807F0000020
:10829400000000000000030C030C000000000000BC
:1082A40000000000000101060000000000000000C2
:1082B400000000800140022004100808100400009F
:1082C40002200220022002200220022002200000BC
:1082D400000010040808041002200140008000007F
:1082E40000000E001200100C106C10800F00000033
:1082F40003E00C1813E4142417C4082807D0000062
:108304000004003C03C41C40074000E4001C0004BB
:1083140010041FFC1104110411040E8800700000E5
:1083240003E00C1810041004100410081C100000C2
:1083340010041FFC100410041004080807F00000C7
:1083440010041FFC1104110417C4100408180000C1
:1083540010041FFC1104110017C0100008000000D5
:1083640003E00C181004100410441C7800400000B2
:1083740010041FFC10840080008010841FFC100473
:108384000000100410041FFC10041004000000007E
:1083940000030001100110011FFE10001000000076
:1083A40010041FFC110403801464181C1004000042
:1083B40010041FFC1004000400040004000C00005E
:1083C40010041FFC1F0000FC1F001FFC1004000011
:1083D40010041FFC0C04030000E010181FFC100024
:1083E40007F00808100410041004080807F000003F
:1083F40010041FFC10841080108010800F000000F7
:1084040007F0081810241024101C080A07F20000B2
:1084140010041FFC1104110011C011300E0C0004D3
:1084240000000E1C11041084108410441C38000039
:108434001800100010041FFC1004100018000000A5
:1084440010001FF810040004000410041FF81000AA
:1084540010001E0011E0001C007013801C001000AE
:108464001FC0103C00E01F0000E0103C1FC00000D3
:108474001004180C163401C001C01634180C100472
:1084840010001C00130400FC13041C001000000066
:108494000804101C1064108413041C041018000039
:1084A4000000000000007FFE400240024002000085
:1084B400000030000C0003800060001C000300007A
:1084C40000004002400240027FFE00000000000065
:1084D4000000000020004000400040002000000098
:1084E4000001000100010001000100010001000180
:1084F40000004000400020000000000000000000D8
:1085040000000098012401440144014400FC0004DB
:1085140010001FFC008801040104008800700000A2
:1085240000000070008801040104010400880000B8
:108534000000007000880104010411081FFC0004FD
:10854400000000F8014401440144014400C8000053
:108554000000010401040FFC1104110411001800AF
:10856400000000D601290129012901C901060000E2
:1085740010041FFC008401000100010400FC00043D
:1085840000000104190419FC0004000400000000A8
:108594000000000300010101190119FE00000000A0
:1085A40010041FFC0024004001B4010C010400006D
:1085B4000000100410041FFC00040004000000006C
:1085C400010401FC0104010001FC0104010000FCA0
:1085D400010401FC008401000100010400FC00040A
:1085E400000000F8010401040104010400F8000083
:1085F400010101FF008501040104008800700000EE
:1086040000000070008801040104010501FF00015D
:108614000104010401FC0084010401000180000044
:10862400000000CC0124012401240124019800004D
:1086340000000100010007F801040104000000002B
:10864400010001F8000400040004010801FC000416
:10865400010001800170000C001001600180010024
:1086640001F0010C003001C00030010C01F00100E8
:1086740000000104018C00740170018C01040000ED
:10868400010101810171000E0018016001800100E7
:1086940000000184010C013401440184010C000038
:1086A400000000000000000001003EFC4002400207
:1086B4000000000000000000FFFF000000000000B8
:1086C4000000400240023EFC0100000000000000E7
:1086D4000000600080008000400040002000200076
:1086E4000200000000000000420000000000000042
:1086F40033000000FC00000000000000080000003F
:1087040000000000110000007F000000FE000000D7
:108714004100000000000000490000007800000053
:1087240049000000480000007F00000048000000ED
:108734004900000048000000490000007A000000E1
:1087440041000000010000007F000000FE00000066
:108754000000000000000000000000000000000015
:1087640020000000000000002200000000000000C3
:1087740022000000000000002200000000000000B1
:10878400FA000000000000002200000000000000C9
:1087940023000000FF000000220000000000000091
:1087A4002200000000000000220000001000000071
:1087B400FA00000008000000220000001000000081
:1087C40023000000E0000000200000000000000082
:1087D4002000000000000000000000000000000075
:1087E400000000000100000000000000060000007E
:1087F4001F000000F800000011000000000000004D
:108804001100000008000000110000000400000036
:1088140011000000F800000010000000010000003A
:108824001000000002000000FF00000084000000AF
:108834001000000068000000900000001800000014
:1088440050000000640000001300000082000000DB
:10885400100000001F0000000000000000000000E5
:108864001000000008000000100000000C000000D0
:1088740010000000080000001F000000F8000000C5
:1088840010000000100000001000000011000000A3
:108894001000000012000000080000000C0000009E
:1088A4000800000070000000FF00000080000000CD
:1088B40008000000020000000800000001000000A1
:1088C40008000000020000000F000000FC0000008F
:1088D4000000000000000000000000000000000094
:1088E40008000000400000000800000042000000F2
:1088F4000800000081000000FF000000FE000000EE
:108904000900000000000000040000000000000056
:108914001900000001000000110000002100000007
:1089240011000000D20000009700000014000000B5
:108934007100000008000000110000001400000095
:1089440011000000E200000015000000010000001A
:1089540019000000000000000000000000000000FA
:108964004000000000000000400000000000000083
:108974004000000000000000400000000000000073
:108984004000000000000000400000000000000063
:108994007F000000FF000000400000000000000015
:1089A4004000000000000000420000000000000041
:1089B40041000000000000004000000080000000B2
:1089C40040000000600000004000000000000000C3
:1089D4004000000000000000000000000000000053
:1089E400000000000100000000000000060000007C
:1089F4007F000000F8000000440000004000000078
:108A0400440000004000000044000000400000005A
:108A140044000000400000007F000000FE00000051
:108A2400440000004000000044000000400000003A
:108A34004400000042000000440000004100000027
:108A44007F000000FE0000000000000000000000A5
:108A54000000000000000000000000000000000012
:108A64000000000000000000000000000100000001
:108A740000000000060000001F000000F8000000D5
:108A840010000000800000001000000080000000C2
:108A940090000000800000007000000080000000D2
:108AA40010000000800000001000000080000000A2
:108AB4001000000080000000100000008000000092
:108AC4001F000000C00000000000000000000000C3
:108AD4000000000000000000000000000000000092
:108AE40008000000400000000800000042000000F0
:108AF4000800000081000000FF000000FE000000EC
:108B04000900000000000000040000000000000054
:108B14001900000001000000110000002100000005
:108B240011000000D20000009700000014000000B3
:108B34007100000008000000110000001400000093
:108B440011000000E2000000150000000100000018
:108B540019000000000000000000000000000000F8
:108B640002000000800000000C00000080000000F3
:108B7400F7000000FE000000240000008400000054
:108B8400240000008A0000000100000064000000CE
:108B9400270000001800000039000000E400000075
:108BA40008000000220000002A000000A2000000CB
:108BB4002A000000A2000000FF000000FA000000EC
:108BC4002A000000A20000003E000000A2000000F5
:108BD4000800000022000000000000000000000067
:108BE400020000000000000002000000020000007B
:108BF400420000000400000033000000F800000000
:108C04000000000004000000010000000200000059
:108C1400110000000A0000001100000032000000F2
:108C2400FF000000C200000011000000020000006C
:108C34001100000002000000FF000000FA00000024
:108C440011000000020000001100000002000000FA
:108C5400010000000200000000000000000000000D
:108C640000000000010000000000000002000000FD
:108C740000000000040000000000000008000000E4
:108C8400000000003000000080000000C000000070
:108C94004700000000000000380000000000000051
:108CA400070000000000000000000000C0000000F9
:108CB4000000000030000000000000000C00000074
:108CC400000000000200000000000000010000009D
:108CD400000000000100000000000000000000008F
:108CE400000000000000000000000000420000003E
:108CF40044000000440000004C000000C8000000D4
:108D040054000000D0000000650000004200000094
:108D14004500000041000000460000007E00000005
:108D240084000000400000008800000040000000B3
:108D34009000000050000000810000004800000086
:108D440080000000C4000000000000006200000079
:108D5400000000000000000000000000000000000F
:108D640004000000440000000C000000E6000000C5
:108D74003500000044000000C60000004800000068
:108D84000C0000004800000000000000010000008A
:108D94001100000002000000130000000C0000009D
:108DA40015000000F0000000990000000000000021
:108DB400710000000000000011000000FC00000031
:108DC4001500000002000000130000000200000073
:108DD400110000008E0000000000000000000000F0
:108DE400080000002000000008000000C00000008F
:108DF4000B00000000000000FF000000FF00000066
:108E040009000000000000000A00000082000000C9
:108E140004000000220000000A0000001A00000004
:108E24003200000082000000C20000007200000056
:108E340032000000060000000A0000001A000000D2
:108E440004000000E2000000020000000200000034
:108E5400020000000200000000000000000000000A
:108E640002000000020000002200000002000000D6
:108E7400240000000200000025000000FA000000A9
:108E840029000000520000003100000052000000E0
:108E94002100000052000000FF000000520000000A
:108EA40021000000520000003100000052000000C8
:108EB400290000005200000025000000FA00000014
:108EC4002400000002000000220000000200000054
:108ED400020000000200000000000000000000008A
:108EE4000000000008000000400000001000000026
:108EF400400000002000000040000000400000008E
:108F0400400000008000000041000000000000005C
:108F140042000000000000004F000000FF000000BD
:108F2400700000000000000042000000000000008B
:108F3400410000000000000040000000800000002C
:108F4400400000004000000040000000300000002D
:108F5400000000000000000000000000000000000D
:108F640002000000010000004200000002000000B6
:108F740033000000FC0000000000000002000000BC
:108F8400000000000100000047000000FF00000096
:108F94004400000091000000540000009100000013
:108FA40054000000910000004F000000FD0000008C
:108FB40054000000910000006400000095000000CF
:108FC400440000009300000007000000FD000000C2
:108FD400000000000100000000000000000000008C
:108FE4000200000000000000020000000200000077
:108FF400420000000400000033000000F8000000FC
:109004000000000004000000100000000200000046
:1090140012000000020000001100000082000000A5
:109024001000000002000000100000001200000008
:10903400100000000A000000FF000000F200000021
:1090440010000000020000001000000002000000F8
:1090540010000000020000000000000000000000FA
:1090640002000000000000004200000000000000B8
:1090740033000000FE0000000000000004000000B7
:1090840000000000080000002200000000000000B2
:109094002A000000FF0000002A000000A8000000D1
:1090A4002A000000A8000000FE000000A800000044
:1090B4002A000000AA0000002A000000A900000005
:1090C4002A000000FE000000220000000000000052
:1090D400020000000000000000000000000000008A
:1090E4000800000002000000080000000200000068
:1090F400280000000A0000002B000000EA00000025
:109104002A000000AA0000002A000000AA000000B3
:109114002A000000AA0000003F000000FE0000003A
:109124004A000000AA0000004A000000AA00000053
:109134004A000000AA000000CB000000EA00000082
:10914400480000000A0000000800000002000000BF
:109154000800000002000000000000000000000001
:10916400020000000400000022000000480000008B
:109174002A00000052000000A60000004100000088
:1091840063000000FE000000260000004000000014
:109194002A000000500000002200000049000000E6
:1091A40000000000060000003F000000F80000007E
:1091B4002200000000000000220000000000000067
:1091C40023000000FF000000420000000000000037
:1091D4000200000000000000000000000000000089
:1091E4000000000008000000000000003000000043
:1091F4003F000000C0000000240000000000000048
:1092040024000000FC000000A4000000880000000E
:1092140064000000880000002400000088000000B2
:1092240024000000880000002400000088000000E2
:1092340024000000880000003C000000FC00000046
:10924400000000000000000000000000000000001A
:10925400040000002000000044000000E0000000C2
:10926400470000002000000044000000200000002F
:1092740044000000A000000004000000740000008E
:109284001000000008000000100000003000000082
:10929400FF000000C00000001000000000000000FB
:1092A4001000000004000000100000000400000092
:1092B4001F000000F8000000000000000000000093
:1092C4000800000004000000100000001800000066
:1092D4002F000000E0000000490000002000000012
:1092E400C900000020000000490000002000000028
:1092F4004F000000F80000005900000020000000AA
:109304006900000020000000490000002400000063
:1093140009000000240000000F000000FC00000011
:109324000000000000000000000000000000000039
:109334000200000000000000040000000000000023
:109344001F000000FC000000E0000000000000001E
:1093540000000000040000001300000004000000EE
:1093640010000000E4000000900000000400000071
:10937400700000000C0000001000000074000000E9
:10938400170000008400000010000000040000002A
:1093940000000000040000000000000000000000C5
:1093A400240000002000000024000000C000000091
:1093B4003F000000FC000000450000000000000029
:1093C40044000000800000000900000024000000A8
:1093D40011000000240000002A00000048000000E2
:1093E400E4000000A8000000290000009000000034
:1093F40032000000A000000000000000C0000000D7
:1094040000000000800000000000000000000000D8
:109414003A000000040000002200000004000000E4
:10942400220000004400000022000000C8000000E8
:109434002300000048000000AE00000050000000BF
:109444006200000020000000220000002000000054
:1094540022000000500000002300000090000000E3
:1094640022000000080000002200000004000000A8
:109474003A000000000000000000000000000000AE
:109484004400000088000000240000008800000060
:109494000800000090000000FE000000A000000092
:1094A40000000000FC000000220000008400000016
:1094B40025000000C800000024000000A0000000F7
:1094C400FC0000009000000024000000A800000040
:1094D40024000000C80000002400000084000000F4
:1094E40020000000840000000000000000000000D4
:1094F40010000000800000001300000000000000C5
:10950400FF000000FC00000012000000000000004A
:1095140005000000040000000800000044000000F2
:1095240014000000340000002500000004000000C6
:10953400C4000000C4000000240000000C0000006F
:10954400140000003400000009000000C400000002
:1095540004000000040000000000000000000000FF
:1095640022000000040000002200000004000000AB
:1095740025000000F4000000290000005400000051
:1095840031000000540000002100000054000000DD
:10959400FD00000054000000210000005400000001
:1095A40031000000540000002900000054000000B5
:1095B40025000000F4000000220000000400000068
:1095C4002200000004000000000000000000000071
:1095D40010000000800000001300000000000000E4
:1095E400FF000000FC00000012000000000000006A
:1095F40001000000240000002F000000A40000006F
:10960400FA000000A80000002A000000B0000000DA
:109614002A000000E00000002A000000B000000062
:10962400FA000000A80000002F000000A4000000C1
:1096340020000000240000000000000000000000E2
:1096440010000000080000001200000008000000E4
:10965400120000000800000013000000F8000000E1
:1096640012000000100000001200000010000000B2
:1096740010000000100000001000000000000000B6
:10968400FF000000800000001000000060000000E7
:1096940090000000100000005000000008000000CE
:1096A400100000003C00000000000000000000006A
:1096B40000000000000000000000000000000000A6
:1096C400000000000400000000000000680000002A
:1096D4000000000070000000000000000000000016
:1096E4000000000000000000000000000000000076
:1096F4000000000000000000000000000000000066
:109704000000000000000000000000000000000055
:109714000000000000000000000000000000000045
:1097240004000000000000008400000000000000AD
:1097340067000000F80000000000000010000000B6
:10974400040000002000000055000000FC000000A0
:1097540055000000500000005500000050000000BB
:10976400FD000000500000005500000054000000FF
:10977400550000005400000055000000FC000000EB
:1097840004000000000000000000000000000000D1
:109794001000000080000000130000000000000022
:1097A400FF000000FC0000001200000000000000A8
:1097B4001100000000000000000000000000000094
:1097C4007F000000FC0000004900000008000000C9
:1097D400490000001000000049000000C000000023
:1097E40049000000300000007F0000004800000035
:1097F40000000000840000000000000000000000E1
:10980400100000008400000010000000840000002C
:10981400FF000000FC000000110000000400000034
:1098240000000000180000007F000000E0000000BD
:109834004900000000000000490000003C00000056
:1098440049000000240000004F000000E400000074
:109854004900000024000000790000003C000000E2
:1098640001000000000000000000000000000000F3
:1098740010000000840000001000000084000000BC
:10988400FF000000FC0000001100000000000000C8
:1098940012000000040000000100000008000000A5
:1098A4007D0000007000000055000000080000006A
:1098B400550000000400000055000000FC000000FA
:1098C40055000000240000007D000000240000007A
:1098D400010000000400000000000000000000007F
:1098E400040000001000000004000000200000003C
:1098F400440000004000000045000000800000001B
:1099040044000000040000004400000004000000C3
:1099140047000000FC0000004400000000000000BC
:1099240044000000000000004500000000000000AA
:10993400440000008000000004000000400000001B
:1099440004000000300000000000000000000000DF
:1099540010000000840000001000000084000000DB
:10996400FF000000FC0000001100000000000000E7
:1099740000000000480000000E0000004800000045
:10998400EA00000050000000AE000000600000008B
:10999400A0000000FC000000AE0000006000000019
:1099A400EA000000500000000E0000004800000023
:1099B400000000004800000000000000000000005B
:1099C400020000000000000004000000000000008D
:1099D4001F000000FC000000E00000000000000088
:1099E4000400000000000000180000000000000057
:1099F400E0000000000000003F000000FC00000048
:109A040022000000200000002200000020000000CE
:109A140022000000200000002200000020000000BE
:109A240020000000200000000000000000000000F2
:109A34000000000000000000000000000000000022
:109A44000000000060000000000000009000000022
:109A54000000000090000000000000006000000012
:109A640000000000000000000000000000000000F2
:109A740000000000000000000000000000000000E2
:109A840000000000000000000000000000000000D2
:109A940000000000000000000000000000000000C2
:109AA400100000008400000010000000840000008A
:109AB400FF000000FC000000110000000000000096
:109AC40000000000000000003A0000000400000054
:109AD400220000004400000023000000C800000031
:109AE400AE00000030000000620000002000000012
:109AF4002200000050000000230000008800000045
:109B04003A00000004000000000000000000000013
:109B140040000000000000004000000000000000C1
:109B240040000000000000004000000000000000B1
:109B340040000000000000007F000000FC00000066
:109B44004000000000000000400000000000000091
:109B5400440000000000000042000000000000007B
:109B640041000000800000004000000000000000F0
:109B740040000000000000000000000000000000A1
:109B840000000000040000000000000018000000B5
:109B94007F000000E000000044000000800000009E
:109BA4004400000080000000440000008000000029
:109BB40044000000800000007F000000F800000066
:109BC4004400000080000000440000008000000009
:109BD40044000000840000004400000084000000F1
:109BE4007F000000FC0000000000000000000000F6
:109BF4000000000004000000000000001800000045
:109C04003F000000E000000022000000000000000F
:109C140022000000000000002200000000000000FC
:109C2400A20000000000000062000000000000002C
:109C340022000000000000002200000000000000DC
:109C440022000000000000002200000000000000CC
:109C54003F000000000000000000000000000000C1
:109C640010000000840000001000000084000000C8
:109C7400FF000000FC0000001100000000000000D4
:109C840000000000000000003A0000000400000092
:109C9400220000004400000023000000C80000006F
:109CA400AE00000030000000620000002000000050
:109CB4002200000050000000230000008800000083
:109CC4003A00000004000000000000000000000052
:109CD4000800000080000000140000008000000064
:109CE400E7000000F80000002400000094000000D9
:109CF4000000000028000000260000001000000002
:109D04003B000000E800000008000000080000001C
:109D14002A000000A4000000FF000000FC00000076
:109D24002A000000A40000003E000000A40000007F
:109D340008000000240000000000000000000000F3
:109D4400210000000000000027000000F8000000CF
:109D54003A00000010000000220000001000000083
:109D640023000000F00000001000000004000000C8
:109D74002F000000F8000000C900000020000000CF
:109D840049000000200000004F000000F80000001F
:109D940059000000200000006900000024000000B9
:109DA4000F000000FC0000000000000000000000A4
:109DB400080000000000000088000000000000000F
:109DC4006F000000F0000000000000002000000010
:109DD4000000000044000000000000000800000033
:109DE400000000003000000001000000C00000007E
:109DF400FE0000000000000001000000C0000000A0
:109E04000000000030000000000000000800000016
:109E1400000000000400000000000000000000003A
:109E240000000000000000000000000030000000FE
:109E340000000000300000000000000000000000EE
:109E4400000000000000000000000000000000000E
:109E540000000000000000000000000000000000FE
:109E640000000000000000000000000000000000EE
:109E740000000000000000000000000000000000DE
:109E840000000000000000000000000000000000CE
:109E94000000000000000000FF000000FC000000C3
:109EA400800000000800000093000000C8000000CB
:109EB40092000000480000009200000048000000EA
:109EC400FE0000004800000092000000480000006E
:109ED400920000004800000093000000C800000049
:109EE400900000000800000080000000080000004E
:109EF400FF000000FC000000000000000000000063
:109F040030000000040000002000000008000000F1
:109F140024000000F00000002400000008000000FD
:109F24002400000004000000A4000000040000005D
:109F340067000000FC000000240000004400000052
:109F4400240000004400000024000000440000003D
:109F54002400000044000000200000000400000071
:109F640030000000040000000000000000000000B9
:109F740011000000040000001E0000008800000022
:109F8400F00000005000000010000000600000001D
:109F94001F00000098000000000000000000000006
:109FA4004200000000000000420000000400000025
:109FB40042000000040000004F000000FC0000000C
:109FC40052000000000000006200000000000000D9
:109FD400020000000000000000000000000000007B
:109FE4000400000000000000080000000000000061
:109FF4003F000000FC000000C00000000000000062
:10A0040044000000880000004C00000088000000AC
:10A0140077000000F80000004400000090000000F9
:10A024004C00000090000000000000000000000050
:10A034001F000000C4000000000000000400000035
:10A04400FF000000FC000000000000000000000011
:10A0540000000000040000001000000004000000E4
:10A06400110000000400000010000000C400000003
:10A074001000000034000000900000000400000004
:10A084005000000004000000100000000C0000005C
:10A09400100000003400000010000000C4000000A4
:10A0A4001300000004000000100000000400000081
:10A0B4000000000004000000000000000000000098
:10A0C4001000000084000000100000008400000064
:10A0D400FF000000FC000000110000000000000070
:10A0E40000000000400000007A000000480000006A
:10A0F4004A000000580000007A00000068000000D8
:10A104004F000000C80000007A0000004800000072
:10A114004A000000580000007A0000004C000000D3
:10A1240000000000400000000000000000000000EB
:10A13400040000000000000008000000000000000F
:10A144003F000000FC000000C00000000000000010
:10A154002F00000004000000290000008800000017
:10A164002900000050000000290000002000000029
:10A17400FF000000D00000002900000008000000DB
:10A18400290000000800000029000000040000006D
:10A194002F00000004000000000000000000000088
:10A1A4001000000084000000100000008400000083
:10A1B400FF000000FC00000011000000000000008F
:10A1C40000000000400000007A0000004800000089
:10A1D4004A000000580000007A00000068000000F7
:10A1E4004F000000C80000007A0000004800000092
:10A1F4004A000000580000007A0000004C000000F3
:10A20400000000004000000000000000000000000A
:10A214001000000040000000110000008000000059
:10A224001600000000000000FF000000FC00000019
:10A2340012000000000000001100000000000000F7
:10A2440002000000000000004200000000000000C6
:10A2540042000000000000007F000000FC0000003D
:10A264004200000000000000420000000000000066
:10A2740002000000000000000000000000000000D8
:10A2840001000000000000000900000020000000A0
:10A2940049000000240000004F000000E40000001A
:10A2A40049000000240000004900000024000000D0
:10A2B4007F000000FC0000004900000024000000B2
:10A2C40089000000240000008F000000E40000006A
:10A2D40089000000240000000900000020000000A4
:10A2E4000100000000000000000000000000000069
:10A2F4000000000004000000200000000400000032
:10A304002F000000FC0000002A000000A400000050
:10A314002A000000A40000002A000000A40000009D
:10A32400FA000000A40000002A000000A4000000BD
:10A334002A000000A40000002A000000A40000007D
:10A344002F000000FC0000002000000004000000BA
:10A3540000000000040000000000000000000000F5
:10A3640000000000000000003F000000FC000000AE
:10A374002000000000000000200000000000000099
:10A3840067000000C0000000A400000040000000BE
:10A3940024000000400000002400000040000000F1
:10A3A400240000004000000027000000C00000005E
:10A3B4002000000004000000200000000400000051
:10A3C4003F000000FC00000000000000000000004E
:10A3D40040000000000000004000000000000000F9
:10A3E40040000000000000004000000000000000E9
:10A3F40040000000000000007F000000FC0000009E
:10A4040040000000000000004000000000000000C8
:10A4140044000000000000004200000000000000B2
:10A424004100000080000000400000000000000027
:10A4340040000000000000000000000000000000D8
:10A4440000000000840000001000000088000000EC
:10A4540090000000B00000005F000000C000000099
:10A4640030000000800000001000000080000000A8
:10A4740010000000800000001000000080000000B8
:10A4840030000000800000005F000000FC000000BD
:10A494009000000080000000100000008000000018
:10A4A4000000000080000000000000000000000028
:10A4B4000200000000000000040000000000000092
:10A4C4001F000000FC000000E0000000000000008D
:10A4D40001000000080000007900000010000000E6
:10A4E40049000000600000004900000080000000F6
:10A4F4004F000000FC000000490000008000000044
:10A504004900000060000000790000001000000015
:10A51400010000000800000000000000000000002E
:10A5240010000000840000001000000084000000FF
:10A53400FF000000FC00000011000000000000000B
:10A544001200000000000000040000008000000071
:10A5540024000000A000000024000000900000007F
:10A56400FC000000840000002400000084000000BF
:10A5740027000000FC000000240000008000000010
:10A584000400000080000000000000000000000043
:10A5940055000000FC0000005500000050000000C1
:10A5A400FD000000500000005500000054000000B1
:10A5B40055000000FC000000100000000000000036
:10A5C4002900000024000000C9000000240000004D
:10A5D4004F000000FC0000005900000020000000B3
:10A5E40069000000200000000F000000F0000000DF
:10A5F4000100000000000000000000000000000056
:10A60400000000000400000000000000040000003E
:10A6140000000000040000001F000000FC00000017
:10A62400000000000400000000000000040000001E
:10A634000000000004000000FF000000FC00000017
:10A6440004000000040000000400000004000000F6
:10A6540004000000040000000400000004000000E6
:10A6640000000000040000000000000000000000E2
:10A674003A00000004000000220000000400000072
:10A68400220000004400000022000000C800000076
:10A694002300000048000000AE000000500000004D
:10A6A40062000000200000002200000020000000E2
:10A6B4002200000050000000230000009000000071
:10A6C4002200000008000000220000000400000036
:10A6D4003A0000000000000000000000000000003C
:10A6E40044000000880000002400000088000000EE
:10A6F4000800000090000000FE000000A000000020
:10A7040000000000FC0000002200000084000000A3
:10A7140025000000C800000024000000A000000084
:10A72400FC0000009000000024000000A8000000CD
:10A7340024000000C8000000240000008400000081
:10A744002000000084000000000000000000000061
:10A75400300000008400000020000000840000009D
:10A764002400000088000000240000009000000085
:10A7740024000000E0000000A400000080000000AD
:10A78400640000008000000024000000800000003D
:10A7940024000000F80000002400000084000000F1
:10A7A4002400000084000000200000008400000059
:10A7B400300000009C0000000000000000000000C9
:10A7C4000000000040000000FE0000004000000007
:10A7D40022000000400000002200000040000000B1
:10A7E400240000004000000024000000400000009D
:10A7F40001000000FC000000FC000000400000001C
:10A8040012000000400000001200000040000000A0
:10A814002200000040000000420000004000000050
:10A824000E000000400000000000000000000000D6
:10A8340000000000080000000000000030000000DC
:10A844007F000000C000000048000000000000007D
:10A8540049000000FC00000049000000080000005E
:10A864004900000008000000490000000800000042
:10A8740049000000080000008900000008000000F2
:10A88400890000000800000089000000FC000000AE
:10A8940008000000000000000000000000000000AC
:10A8A40002000000000000000200000000000000A0
:10A8B4000200000000000000020000000000000090
:10A8C4000200000000000000020000000000000080
:10A8D4000200000000000000020000000000000070
:10A8E4000200000000000000020000000000000060
:10A8F4000200000000000000020000000000000050
:10A904000200000000000000000000000000000041
:10A9140040000000040000004F000000E4000000BC
:10A924004800000008000000480000000800000083
:10A934004800000010000000580000002000000043
:10A944006B000000C0000000480000001000000080
:10A954004800000010000000480000001000000043
:10A9640048000000080000004F000000E80000005C
:10A97400400000000400000000000000000000008F
:10A984000800000088000000390000008800000072
:10A99400CA000000880000000C00000090000000C5
:10A9A40030000000900000000000000000000000E3
:10A9B4007F000000FC0000000000000044000000D4
:10A9C40024000000840000001500000004000000C2
:10A9D400FF000000F4000000150000000400000067
:10A9E40024000000C400000000000000000000007B
:10A9F40019000000880000002A0000008800000000
:10AA0400CC0000009000000018000000900000003E
:10AA140000000000000000000900000044000000E5
:10AA24002C000000C80000002A00000050000000B4
:10AA3400F8000000600000002B000000C0000000CF
:10AA440028000000500000002A0000004C00000014
:10AA54000C000000400000000000000000000000A6
:10AA6400000000000400000040000000040000009A
:10AA740047000000FC00000040000000040000004B
:10AA8400400000000400000040000000040000003A
:10AA94007F000000FC0000004100000004000000F2
:10AAA4004100000004000000410000000400000018
:10AAB4004100000004000000400000000400000009
:10AAC400000000000400000000000000000000007E
:10AAD40020000000800000002100000000000000B1
:10AAE40022000000000000002F000000FC00000015
:10AAF4003000000008000000E10000000800000031
:10AB040021000000080000002100000008000000EF
:10AB14002F000000F80000002100000008000000E1
:10AB240021000000080000002100000008000000CF
:10AB340020000000080000000000000000000000E9
:10AB4400100000008000000013000000000000005E
:10AB5400FF000000FC0000001200000000000000E4
:10AB6400050000000400000008000000440000008C
:10AB74001400000034000000250000000400000060
:10AB8400C4000000C4000000240000000C00000009
:10AB9400140000003400000009000000C40000009C
:10ABA4000400000004000000000000000000000099
:10ABB4002200000004000000220000000400000045
:10ABC40025000000F40000002900000054000000EB
:10ABD4003100000054000000210000005400000077
:10ABE400FD0000005400000021000000540000009B
:10ABF400310000005400000029000000540000004F
:10AC040025000000F4000000220000000400000001
:10AC1400220000000400000000000000000000000A
:10AC24000800000000000000880000000000000090
:10AC34006F000000F0000000000000002000000091
:10AC440000000000440000007F000000F800000045
:10AC540042000000000000004A000000F000000074
:10AC64007E000000900000004A00000090000000F8
:10AC74004A000000F400000042000000040000004C
:10AC84007F000000FC000000000000000000000045
:10AC9400200000000000000022000000000000006E
:10ACA4002200000000000000FA0000000000000084
:10ACB400220000000000000023000000FC0000004F
:10ACC400220000000000000022000000000000003C
:10ACD4002200000000000000FA0000001000000044
:10ACE400220000001000000023000000E00000002B
:10ACF4002000000000000000000000000000000030
:10AD0400020000000400000002000000080000002F
:10AD1400FA000000F0000000AA0000000800000093
:10AD2400AA00000004000000AA00000004000000C3
:10AD3400AB000000FC000000AA000000440000007A
:10AD4400AA00000044000000AA0000004400000023
:10AD5400FA000000440000000200000004000000AB
:10AD640002000000040000000000000000000000D9
:10AD7400020000000000000042000000000000008B
:10AD840044000000FC0000004400000088000000B3
:10AD94004800000088000000500000008800000007
:10ADA4007F000000880000004000000088000000D0
:10ADB40048000000880000004800000088000000EF
:10ADC40044000000FC0000004400000000000000FB
:10ADD400020000000000000000000000000000006D
:10ADE4000000000004000000400000000400000017
:10ADF40047000000FC0000004000000004000000C8
:10AE040040000000040000004000000004000000B6
:10AE14007F000000FC00000041000000040000006E
:10AE24004100000004000000410000000400000094
:10AE34004100000004000000400000000400000085
:10AE440000000000040000000000000000000000FA
:10AE5400210000000000000027000000F8000000AE
:10AE64003A00000010000000220000001000000062
:10AE740023000000F00000001000000004000000A7
:10AE84002F000000F8000000C900000020000000AE
:10AE940049000000200000004F000000F8000000FE
:10AEA4005900000020000000690000002400000098
:10AEB4000F000000FC000000000000000000000083
:10AEC4001000000084000000100000008400000056
:10AED400FF000000FC000000110000000000000062
:10AEE40000000000000000007F000000F8000000E7
:10AEF40041000000040000004100000004000000C4
:10AF04007F00000004000000410000000400000075
:10AF140041000000040000007F0000000400000065
:10AF2400000000001C000000000000000000000001
:10AF340002000000040000004200000008000000BD
:10AF440033000000F00000000000000008000000D2
:10AF540022000000440000002E0000004400000015
:10AF64003200000044000000E20000004400000041
:10AF74002F000000FC00000022000000440000003C
:10AF840022000000440000002200000044000000F1
:10AF94000000000044000000000000000000000069
:10AFA4001000000084000000100000008400000075
:10AFB400FF000000FC000000110000000000000081
:10AFC400140000008400000024000000A40000001D
:10AFD40034000000E8000000AF0000009000000012
:10AFE40064000000900000002C000000A800000095
:10AFF40034000000C80000002400000084000000A9
:10B0040004000000800000000000000000000000B8
:10B01400080000002000000048000000C0000000FC
:10B024004B000000000000007F000000FC00000056
:10B03400890000000000000088000000800000007B
:10B0440000000000000000003F000000F0000000CD
:10B05400200000002000000020000000200000006C
:10B06400200000002000000020000000200000005C
:10B074003F000000F000000000000000000000009D
:10B0840002000000000000000400000000000000B6
:10B094001F000000FC000000E000000000000000B1
:10B0A40004000000000000002400000080000000F4
:10B0B40025000000800000002E0000009000000029
:10B0C400F400000088000000240000009400000048
:10B0D40024000000A000000024000000C0000000C4
:10B0E4000400000000000000000000000000000058
:10B0F40000000000440000007F00000098000000F1
:10B10400400000000000000057000000180000008C
:10B114005500000004000000550000002400000059
:10B1240057000000540000004000000084000000AC
:10B13400FD00000004000000420000000C000000BC
:10B144004500000000000000D8000000900000004E
:10B1540041000000CC0000000000000000000000DE
:10B164000200000040000000F20000007C0000002B
:10B1740092000000A400000092000000A40000005F
:10B184009300000024000000F20000003C000000D6
:10B194000600000000000000F20000003C00000077
:10B1A40093000000240000009A000000A4000000A6
:10B1B40096000000A4000000F20000007C000000E3
:10B1C4000200000040000000000000000000000039
:10B1D400020000000800000003000000F800000066
:10B1E400FA000000A8000000AA000000A800000067
:10B1F400AA000000B0000000AB000000FC0000004A
:10B20400AA00000010000000AA000000C400000012
:10B21400AA000000A8000000AA000000900000009E
:10B22400FA000000A800000002000000C4000000B2
:10B234000200000004000000000000000000000004
:10B2440020000000080000002000000008000000AA
:10B254003F000000F8000000200000000000000093
:10B2640020000000040000004F000000C80000009F
:10B2740048000000100000005800000060000000BA
:10B284006B00000080000000480000002000000067
:10B2940048000000100000004F000000CC00000037
:10B2A400400000000000000000000000000000005A
:10B2B400120000000800000011000000C800000097
:10B2C400900000000800000070000000D0000000A2
:10B2D4001700000010000000000000000000000043
:10B2E4007A000000FC0000000A000000800000005A
:10B2F4000B000000F8000000FA00000080000000CD
:10B304000A000000F80000000A00000084000000A9
:10B314007A000000FC0000000000000000000000B3
:10B3240000000000000000001F000000FC000000FE
:10B334003100000008000000D100000008000000F7
:10B3440011000000080000001F000000FC000000C5
:10B3540008000000000000001000000000000000D1
:10B36400E200000000000000210000008000000056
:10B374002000000004000000200000000400000081
:10B384003F000000F8000000000000000000000082
:10B394001F0000008800000010000000880000006A
:10B3A400FF000000F8000000100000009000000002
:10B3B4001F000000B80000000000000000000000B2
:10B3C4007C0000002400000055000000A8000000DC
:10B3D40056000000E40000007C000000BC000000F7
:10B3E40054000000A00000005500000028000000E8
:10B3F4007C00000064000000000000000000000069
:10B404000C00000024000000340000006400000070
:10B41400C4000000A4000000050000002400000097
:10B4240006000000240000001800000024000000B2
:10B4340000000000040000000C0000006400000094
:10B4440034000000A4000000C50000002400000037
:10B454000600000024000000040000002400000096
:10B46400180000002400000000000000000000009C
:10B4740010000000840000001000000084000000A0
:10B48400FF000000FC0000001100000000000000AC
:10B4940000000000000000003A000000000000006E
:10B4A4002200000000000000220000000400000050
:10B4B400A20000000400000063000000FC00000083
:10B4C4002200000000000000220000000000000034
:10B4D4003A0000000000000000000000000000002E
:10B4E40010000000800000001300000000000000B5
:10B4F400FF000000FC00000012000000000000003B
:10B5040013000000080000000C00000018000000F8
:10B5140070000000680000000100000088000000C6
:10B524000600000008000000E000000048000000E1
:10B534001800000038000000040000000C000000A7
:10B5440002000000000000000000000000000000F5
:10B5540002000000240000000C000000580000005D
:10B56400F20000008000000029000000000000003C
:10B574002600000050000000380000008C0000008D
:10B584001100000000000000160000001000000080
:10B59400F80000000C00000016000000000000008D
:10B5A4009100000000000000500000009000000026
:10B5B400100000004C00000000000000000000002B
:10B5C4000200000000000000040000000000000071
:10B5D4001F000000FC000000E0000000000000006C
:10B5E400000000000400000013000000040000003C
:10B5F40010000000E40000009000000004000000BF
:10B60400700000000C000000100000007400000036
:10B614001700000084000000100000000400000077
:10B624000000000004000000000000000000000012
:10B6340002000000000000004200000000000000C2
:10B644004200000000000000420000000000000072
:10B65400420000000400000042000000040000005A
:10B664007F000000FC000000420000000000000019
:10B674004200000000000000420000000000000042
:10B684004200000000000000420000000000000032
:10B6940002000000000000000000000000000000A4
:10B6A400000000000400000040000000040000004E
:10B6B40041000000040000004100000004000000FC
:10B6C40041000000040000004100000004000000EC
:10B6D40041000000040000004100000004000000DC
:10B6E40041000000040000004100000004000000CC
:10B6F40041000000040000004000000004000000BD
:10B704000000000004000000000000000000000031
:10B7140001000000100000007D0000002000000077
:10B7240055000000400000007F000000FC00000005
:10B7340055000000400000007D00000020000000D3
:10B7440000000000040000004F000000E8000000BA
:10B7540058000000100000006B000000E000000032
:10B7640048000000100000004F000000EC00000042
:10B774004000000000000000000000000000000085
:10B7840000000000000000003F000000C0000000B6
:10B794002000000080000000200000008000000065
:10B7A4002000000080000000200000008000000055
:10B7B400FF000000FC0000002000000080000000EA
:10B7C4002000000080000000200000008000000035
:10B7D40020000000800000003F000000C0000000C6
:10B7E4000000000000000000000000000000000055
:10B7F40000000000000000001F000000FC0000002A
:10B804008000000000000000600000000000000054
:10B814000F000000E00000004900000020000000CC
:10B824004900000020000000490000002000000042
:10B8340049000000200000004F000000E00000006C
:10B84400400000000400000040000000040000006C
:10B854007F000000FC000000000000000000000069
:10B8640010000000040000001F000000F8000000A9
:10B8740092000000000000005200000004000000DC
:10B8840013000000FC000000080000000400000099
:10B894001000000008000000E5000000F0000000B7
:10B8A400240000000800000027000000FC00000045
:10B8B40024000000440000002600000044000000B2
:10B8C4002000000004000000000000000000000050
:10B8D4000800000080000000140000008000000048
:10B8E400E7000000FC0000002400000088000000C5
:10B8F4002400000090000000000000000000000090
:10B90400410000000400000041000000FC000000B1
:10B914007F0000000400000041000000040000005B
:10B9240041000000040000007F000000FC00000053
:10B9340000000000040000000000000000000000FF
:10B9440011000000000000002200000000000000C0
:10B9540047000000FC000000980000000000000008
:10B964000000000080000000FA000000A0000000B9
:10B97400AA00000090000000AA000000800000005F
:10B98400AA00000084000000AA0000008400000057
:10B99400AB000000FC000000FA0000008000000082
:10B9A4000000000080000000000000000000000013
:10B9B4003F000000F0000000220000002000000012
:10B9C40022000000200000003F000000F000000002
:10B9D4000000000000000000100000000000000053
:10B9E40012000000000000001100000080000000B0
:10B9F400100000000400000010000000040000001B
:10BA0400FF000000FC000000100000000000000027
:10BA14001000000000000000000000000000000012
:10BA24000000000010000000000000007000000092
:10BA340007000000900000001800000080000000D3
:10BA440007000000900000000000000070000000EB
:10BA540000000000100000000000000000000000D2
:10BA640000000000000000000000000000000000D2
:10BA740000000000000000000000000000000000C2
:10BA840000000000000000000000000000000000B2
:10BA940010000000100000001F000000F000000073
:10BAA4001000000010000000100000001000000052
:10BAB400080000002000000007000000C000000093
:10BAC4000000000000000000000000000000000072
:10BAD4000000000000000000000000000000000062
:10BAE4000000000000000000000000000000000052
:10BAF4000000000000000000000000000000000042
:10BB040007000000C0000000080000002000000042
:10BB140010000000100000001000000010000000E1
:10BB240010000000100000001C00000020000000B5
:10BB34000000000000000000000000000000000001
:10BB440000000000000000000000000000000000F1
:10BB540000000000000000000000000000000000E1
:10BB640000000000000000000000000000000000D1
:10BB740004000000000000000800000000000000B5
:10BB84003F000000FC000000C000000000000000B6
:10BB940020000000040000002F000000FC00000052
:10BBA4002A000000A40000002A000000A4000000F5
:10BBB400FA000000A40000002A000000A400000015
:10BBC4002A000000A40000002F000000FC00000078
:10BBD400200000000400000000000000000000003D
:10BBE4000000000000000000100000001000000031
:10BBF40010000000100000003F000000F0000000F2
:10BC04000000000010000000000000001000000010
:10BC14000000000000000000000000000000000020
:10BC24000000000000000000000000000000000010
:10BC34000000000000000000000000000000000000
:10BC440000000000000000000000000000000000F0
:10BC54000F000000C00000001000000020000000E1
:10BC64002000000010000000200000001000000070
:10BC740010000000200000000F000000C0000000C1
:10BC840000000000000000000000000000000000B0
:10BC940000000000000000000000000000000000A0
:10BCA4000000000000000000000000000000000090
:10BCB4000000000000000000000000000000000080
:10BCC40000000000000000001800000060000000F8
:10BCD40020000000100000002200000010000000FE
:10BCE40022000000100000001D000000E000000021
:10BCF4000000000000000000000000000000000040
:10BD0400000000000000000000000000000000002F
:10BD1400000000000000000000000000000000001F
:10BD2400000000000000000000000000000000000F
:10BD34000000000004000000400000004400000077
:10BD440044000000440000004C00000044000000D7
:10BD5400540000004400000064000000440000009F
:10BD640045000000FC000000440000004400000006
:10BD740054000000440000004C0000004400000097
:10BD840046000000440000004000000044000000A1
:10BD9400000000000400000000000000000000009B
:10BDA4000000000004000000100000000800000073
:10BDB400100000001000000010000000100000003F
:10BDC400100000002800000090000000480000005F
:10BDD4005000000084000000110000000400000076
:10BDE4001200000004000000140000000400000021
:10BDF400180000000400000010000000040000000F
:10BE0400000000000400000000000000000000002A
:10BE14000000000000000000780000002400000082
:10BE240000000000A800000000000000A0000000C6
:10BE3400FD000000A400000002000000E400000077
:10BE440080000000BC000000C4000000A00000004E
:10BE5400A90000002000000090000000280000005D
:10BE6400A800000064000000C400000030000000CE
:10BE740004000000000000000000000000000000BA
:10BE840000000000040000001F000000F800000093
:10BE9400120000000000000012000000100000006A
:10BEA400120000001000000013000000E000000079
:10BEB4001000000004000000100000000800000052
:10BEC400FF000000D000000010000000200000006F
:10BED40090000000D000000057000000080000009F
:10BEE400100000003C000000000000000000000002
:10BEF40002000000040000008200000008000000AE
:10BF04008200000030000000FF000000C0000000BC
:10BF14008200000000000000820000000000000019
:10BF24008200000000000000820000000000000009
:10BF34008200000000000000FF000000FC00000080
:10BF440082000000000000008200000000000000E9
:10BF540002000000000000000000000000000000DB
:10BF640011000000040000001E0000008800000012
:10BF7400F00000005000000010000000600000000D
:10BF84001F000000980000000400000000000000F2
:10BF94000C000000FC0000003400000088000000D9
:10BFA400C4000000880000000400000088000000B5
:10BFB40014000000880000000C000000FC000000D9
:10BFC4000600000000000000000000000000000067
:10BFD400232D302B2000686C4C006566674546476E
:10BFE40000303132333435363738394142434445F1
:10BFF4004600303132333435363738396162636460
:04C00400656600006D
:10C0080001000000102700000000C8430000C843DA
:10C018000000A041000096430000803F0000A040BF
:10C028000000A0410000803F000020410101000005
:10C038000AD7A33C6F12833AA69B443B0000003FFB
:10C048000AD7A33B010000000000803F0000000069
:10C05800000000000000803F595959005858580105
:10C0680064000020000000006C060020D4060020B8
:10C078003C07002000000000000000000000000055
:10C0880000000000000000000000000000000000A8
:10C098000000000000000000000000000000000098
:10C0A8000000000000000000000000000000000088
:0CC0B80000000000030000006C060020E7
:04000005080067B5D3
:00000001FF
